Workbook

Sheet Samleark
A1: Samleark for ejendomme
J4: Timer pr. uge
A5: DL | B5: Selskab | C5: Ejendoms nr | D5: Ejendom | E5: Adresse | F5: Post nr | G5: By | H5: Viceværter | I5: Kategori | J5: Vicevært | K5: Gartner | L5: SC | M5: Opstartsdato | N5: Slutdato | O5: Kommentar
A6: PNI | B6: 11 | C6: 187 | E6: Tornerosevej 127 | F6: 2730 | G6: Herlev | H6: Nicolai V. Jensen | I6: Erhverv | J6: ='1-Peter'!M10 -> 3.1538462 | K6: ='1-Peter'!N10 -> 1.9230769 | L6: ='1-Peter'!O10 -> 0.40384615 | M6: ='1-Peter'!$R$10 -> 42095
A7: PNI | B7: 11 | C7: 195 | D7: Tinghaven | E7: Telefonvej 2/Tinghøjvej 57, 59, 61, 63 og 65 | F7: 2860 | G7: Søborg | H7: Nicolai V. Jensen | I7: Boliger | J7: ='1-Peter'!M11 -> 11.711538 | K7: ='1-Peter'!N11 -> 5.1153846 | L7: ='1-Peter'!O11 -> 0 | M7: ='1-Peter'!$R$11 -> 42036
A8: PNI | B8: 11 | C8: 220 | E8: Ejby Industrivej 60-66 | F8: 2600 | G8: Glostrup | H8: Nicolai V. Jensen | I8: Erhverv | J8: ='1-Peter'!M12 -> 4.1153846 | K8: ='1-Peter'!N12 -> 2.3076923 | L8: ='1-Peter'!O12 -> 0
A9: PNI | B9: 11 | C9: 232 | E9: Mørkhøjvej 132 - 142 | F9: 2860 | G9: Søborg | H9: Nicolai V. Jensen | I9: Boliger | J9: ='1-Peter'!M13 -> 25.211538 | K9: ='1-Peter'!N13 -> 9.6153846 | L9: ='1-Peter'!O13 -> 4.8076923 | M9: ='1-Peter'!$R$13 -> 43070
A10: PNI | B10: 11 | C10: 493 | E10: Søborg Hovedgade 121-127/Andersen Nexøvej 3 | F10: 2860 | G10: Søborg | H10: Nicolai V. Jensen | I10: Boliger | J10: ='1-Peter'!M14 -> 7.0769231 | K10: ='1-Peter'!N14 -> 0.96153846 | L10: ='1-Peter'!O14 -> 0 | O10: ='1-Peter'!$U$14 -> Genforhandling - kan ikke finde opstartsdato
A11: PNI | B11: 11 | C11: 187 | E11: Tornerosevej 127 | F11: 2730 | G11: Herlev | H11: Allan Ringsborg | I11: Erhverv
A12: PNI | B12: 11 | C12: 195 | D12: Tinghaven | E12: Telefonvej 2/Tinghøjvej 57, 59, 61, 63 og 65 | F12: 2860 | G12: Søborg | H12: Allan Ringsborg | I12: Boliger
A13: PNI | B13: 11 | C13: 220 | E13: Ejby Industrivej 60-66 | F13: 2600 | G13: Glostrup | H13: Allan Ringsborg | I13: Erhverv
A14: PNI | B14: 11 | C14: 232 | E14: Mørkhøjvej 132 - 142 | F14: 2860 | G14: Søborg | H14: Allan Ringsborg | I14: Boliger
A15: PNI | B15: 11 | C15: 493 | E15: Søborg Hovedgade 121-127/Andersen Nexøvej 3 | F15: 2860 | G15: Søborg | H15: Allan Ringsborg | I15: Boliger
A16: PNI | B16: 11 | C16: 187 | E16: Tornerosevej 127 | F16: 2730 | G16: Herlev | H16: Kay Helt | I16: Erhverv
A17: PNI | B17: 11 | C17: 195 | D17: Tinghaven | E17: Telefonvej 2/Tinghøjvej 57, 59, 61, 63 og 65 | F17: 2860 | G17: Søborg | H17: Kay Helt | I17: Boliger
A18: PNI | B18: 11 | C18: 220 | E18: Ejby Industrivej 60-66 | F18: 2600 | G18: Glostrup | H18: Kay Helt | I18: Erhverv
A19: PNI | B19: 11 | C19: 232 | E19: Mørkhøjvej 132 - 142 | F19: 2860 | G19: Søborg | H19: Kay Helt | I19: Boliger
A20: PNI | B20: 11 | C20: 493 | E20: Søborg Hovedgade 121-127/Andersen Nexøvej 3 | F20: 2860 | G20: Søborg | H20: Kay Helt | I20: Boliger
A21: PNI | B21: 8 | C21: 217 | D21: G/F Søpark | E21: Mortonsvej 2 - 42 | F21: 2800 | G21: Kgs. Lyngby | H21: Kay Helt | I21: Boliger | J21: ='1-Peter'!M15 -> 0.51615385 | K21: ='1-Peter'!N15 -> 0 | L21: ='1-Peter'!O15 -> 0 | M21: ='1-Peter'!$R$15 -> 43922
A22: PNI | B22: 11 | C22: 306 | E22: Frederiksdalsvej 80 - 82/Frederiksdalsvej 80 A-E - 82 A-E | F22: 2830 | G22: Virum | H22: Kay Helt | I22: Boliger | J22: ='1-Peter'!M16 -> 1.0192308 | K22: ='1-Peter'!N16 -> 0 | L22: ='1-Peter'!O16 -> 0
A23: PNI | B23: 11 | C23: 499 | D23: Lyngby Søpark | E23: Mortonsvej 2 - 30 | F23: 2800 | G23: Kgs. Lyngby | H23: Kay Helt | I23: Boliger | J23: ='1-Peter'!M17 -> 15.634615 | K23: ='1-Peter'!N17 -> 0 | L23: ='1-Peter'!O17 -> 0
A24: PNI | B24: 11 | C24: 513 | E24: Øverødvej 3 A/Øverødvej 3 B | F24: 2840 | G24: Holte | H24: Kay Helt | I24: Boliger | J24: ='1-Peter'!M18 -> 4.75 | K24: ='1-Peter'!N18 -> 0.25 | L24: ='1-Peter'!O18 -> 0
A25: PNI | B25: 8 | C25: 217 | D25: G/F Søpark | E25: Mortonsvej 2 - 42 | F25: 2800 | G25: Kgs. Lyngby | H25: Nicolai V. Jensen | I25: Boliger
A26: PNI | B26: 11 | C26: 306 | E26: Frederiksdalsvej 80 - 82/Frederiksdalsvej 80 A-E - 82 A-E | F26: 2830 | G26: Virum | H26: Nicolai V. Jensen | I26: Boliger
A27: PNI | B27: 11 | C27: 499 | D27: Lyngby Søpark | E27: Mortonsvej 2 - 30 | F27: 2800 | G27: Kgs. Lyngby | H27: Nicolai V. Jensen | I27: Boliger
A28: PNI | B28: 11 | C28: 513 | E28: Øverødvej 3 A/Øverødvej 3 B | F28: 2840 | G28: Holte | H28: Nicolai V. Jensen | I28: Boliger
A29: PNI | B29: 8 | C29: 217 | D29: G/F Søpark | E29: Mortonsvej 2 - 42 | F29: 2800 | G29: Kgs. Lyngby | H29: Allan Ringsborg | I29: Boliger
A30: PNI | B30: 11 | C30: 306 | E30: Frederiksdalsvej 80 - 82/Frederiksdalsvej 80 A-E - 82 A-E | F30: 2830 | G30: Virum | H30: Allan Ringsborg | I30: Boliger
A31: PNI | B31: 11 | C31: 499 | D31: Lyngby Søpark | E31: Mortonsvej 2 - 30 | F31: 2800 | G31: Kgs. Lyngby | H31: Allan Ringsborg | I31: Boliger
A32: PNI | B32: 11 | C32: 513 | E32: Øverødvej 3 A/Øverødvej 3 B | F32: 2840 | G32: Holte | H32: Allan Ringsborg | I32: Boliger
A33: PNI | B33: 11 | C33: 135 | D33: Ketteholm | E33: Ketteholm 29 - 37, Ketteholm 53 - 55 Ketteholm 75 - 81 | F33: 2650 | G33: Hvidovre | H33: FS - SC | I33: Boliger | J33: ='1-Peter'!M19 -> 2.5769231 | K33: ='1-Peter'!N19 -> 0 | L33: ='1-Peter'!O19 -> 0 | M33: ='1-Peter'!$R$19 -> 43191
A34: PNI | B34: 11 | C34: 247 | D34: Jernholmen 6 - 10 | E34: Jernholmen 6 - 10 | F34: 2650 | G34: Hvidovre | H34: Henrik Kirchherr | I34: Erhverv | J34: ='1-Peter'!M20 -> 3.4423077 | K34: ='1-Peter'!N20 -> 2.8846154 | L34: ='1-Peter'!O20 -> 0.19230769 | M34: ='1-Peter'!$R$20 -> 42095
A35: PNI | B35: 11 | C35: 382 | E35: Taastrup Hovedgade 101 tidl. Køgevej | F35: 2630 | G35: Taastrup | H35: Henrik Kirchherr | I35: Erhverv | J35: ='1-Peter'!M21 -> 2.9615385 | K35: ='1-Peter'!N21 -> 0.57692308 | L35: ='1-Peter'!O21 -> 0 | M35: ='1-Peter'!$R$21 -> 42125
A36: PNI | B36: 11 | C36: 458 | D36: Amalieparken | E36: Amalieparken 7, 25, 41, Margrethevænget 3, 9, 15, Amalieparken 7, 25, 41 | F36: 2665 | G36: Vallensbæk Strand | H36: Henrik Kirchherr | I36: Boliger | J36: ='1-Peter'!M22 -> 14.038462 | K36: ='1-Peter'!N22 -> 0 | L36: ='1-Peter'!O22 -> 0 | M36: ='1-Peter'!$R$22 -> 42036
A37: PNI | B37: 11 | C37: 508 | E37: Hovedvejen 87 | F37: 2601 | G37: Glostrup | H37: Henrik Kirchherr | I37: Boliger | J37: ='1-Peter'!M23 -> 3.9230769 | K37: ='1-Peter'!N23 -> 0 | L37: ='1-Peter'!O23 -> 0
A38: PNI | B38: 11 | C38: 517 | E38: Hovedvejen 104-108 | F38: 2602 | G38: Glostrup | H38: Henrik Kirchherr | I38: Boliger | J38: ='1-Peter'!M24 -> 8.6538462 | K38: ='1-Peter'!N24 -> 0 | L38: ='1-Peter'!O24 -> 0
A39: PNI | B39: 11 | C39: 706 | E39: Hovedvejen 114-116/Heggelunds Allé 2/Højvangsvej 71 | F39: 2600 | G39: Glostrup | H39: Henrik Kirchherr | I39: Boliger | J39: ='1-Peter'!M25 -> 9.6153846 | K39: ='1-Peter'!N25 -> 0 | L39: ='1-Peter'!O25 -> 0
A40: PNI | B40: 11 | C40: 247 | D40: Jernholmen 6 - 10 | E40: Jernholmen 6 - 10 | F40: 2650 | G40: Hvidovre | H40: Henrik Schjoldager | I40: Erhverv
A41: PNI | B41: 11 | C41: 382 | E41: Taastrup Hovedgade 101 tidl. Køgevej | F41: 2630 | G41: Taastrup | H41: Henrik Schjoldager | I41: Erhverv
A42: PNI | B42: 11 | C42: 458 | D42: Amalieparken | E42: Amalieparken 7, 25, 41, Margrethevænget 3, 9, 15, Amalieparken 7, 25, 41 | F42: 2665 | G42: Vallensbæk Strand | H42: Henrik Schjoldager | I42: Boliger
A43: PNI | B43: 11 | C43: 508 | E43: Hovedvejen 87 | F43: 2601 | G43: Glostrup | H43: Henrik Schjoldager | I43: Boliger
A44: PNI | B44: 11 | C44: 517 | E44: Hovedvejen 104-108 | F44: 2602 | G44: Glostrup | H44: Henrik Schjoldager | I44: Boliger
A45: PNI | B45: 11 | C45: 706 | E45: Hovedvejen 114-116/Heggelunds Allé 2/Højvangsvej 71 | F45: 2600 | G45: Glostrup | H45: Henrik Schjoldager | I45: Boliger
A46: PNI | B46: 11 | C46: 119 | D46: Tømmergården | E46: Kastanievej 6-16/Smedelundsgade 34-38 | F46: 4300 | G46: Holbæk | H46: Jan Bruun | I46: Boliger | J46: ='1-Peter'!M26 -> 16.826923 | K46: ='1-Peter'!N26 -> 2.8846154 | L46: ='1-Peter'!O26 -> 0
A47: PNI | B47: 11 | C47: 143 | D47: Egegården | E47: Gyvelvej 14 A-D | F47: 4000 | G47: Roskilde | H47: Jan Bruun | I47: Boliger | J47: ='1-Peter'!M27 -> 7.1346154 | K47: ='1-Peter'!N27 -> 4.3269231 | L47: ='1-Peter'!O27 -> 0
A48: PNI | B48: 11 | C48: 144 | D48: Bakkedraget | E48: Bakkedraget 14 - 22/Toftegårdsvej 10 - 23 | F48: 4500 | G48: Nykøbing Sj | H48: Jan Bruun | I48: Boliger
A49: PNI | B49: 11 | C49: 224 | E49: Jernbanegade 2A - 6D/Casinotorvet 2 - 6 | F49: 4200 | G49: Slagelse | H49: Jan Bruun | I49: Boliger
A50: PNI | B50: 11 | C50: 233 | D50: Møllehusparken | E50: Vestergade 12 - 22/Møllehusvej 121 - 125 | F50: 4000 | G50: Roskilde | H50: Jan Bruun | I50: Boliger
A51: PNI | B51: 11 | C51: 345 | E51: Kildemarksvej 125 - 131 | F51: 4700 | G51: Næstved | H51: Jan Bruun | I51: Boliger
A52: PNI | B52: 11 | C52: 368 | E52: Kildemarksvej 115 - 123 | F52: 4700 | G52: Næstved | H52: Jan Bruun | I52: Boliger
A53: PNI | B53: 11 | C53: 380 | E53: Algade 33 | F53: 4000 | G53: Roskilde | H53: Jan Bruun | I53: Boliger
A54: PNI | B54: 11 | C54: 408 | D54: Klosterhaven | E54: Klosterhaven 1-47/Ingemannsvej 8-24 | F54: 4180 | G54: Sorø | H54: Jan Bruun | I54: Boliger
A55: PNI | B55: 11 | C55: 416 | E55: Hersegade 28 | F55: 4000 | G55: Roskilde | H55: Jan Bruun | I55: Boliger
A56: PNI | B56: 11 | C56: 423 | E56: Hærvigsgade 9-13/Vestre Havnevej 22-24 | F56: 4400 | G56: Kalundborg | H56: Jan Bruun | I56: Boliger
A57: PNI | B57: 11 | C57: 429 | D57: Emmasgården | E57: Kongebakken 54 - 60 | F57: 4000 | G57: Roskilde | H57: Jan Bruun | I57: Boliger
A58: PNI | B58: 11 | C58: 504 | E58: Lindevej 1/Hovedgaden 24 | F58: 4140 | G58: Borup | H58: Jan Bruun | I58: Boliger
A59: PNI | B59: 11 | C59: 119 | D59: Tømmergården | E59: Kastanievej 6-16/Smedelundsgade 34-38 | F59: 4300 | G59: Holbæk | H59: John Kelly | I59: Boliger
A60: PNI | B60: 11 | C60: 143 | D60: Egegården | E60: Gyvelvej 14 A-D | F60: 4000 | G60: Roskilde | H60: John Kelly | I60: Boliger
A61: PNI | B61: 11 | C61: 144 | D61: Bakkedraget | E61: Bakkedraget 14 - 22/Toftegårdsvej 10 - 23 | F61: 4500 | G61: Nykøbing Sj | H61: John Kelly | I61: Boliger
A62: PNI | B62: 11 | C62: 224 | E62: Jernbanegade 2A - 6D/Casinotorvet 2 - 6 | F62: 4200 | G62: Slagelse | H62: John Kelly | I62: Boliger
A63: PNI | B63: 11 | C63: 233 | D63: Møllehusparken | E63: Vestergade 12 - 22/Møllehusvej 121 - 125 | F63: 4000 | G63: Roskilde | H63: John Kelly | I63: Boliger
A64: PNI | B64: 11 | C64: 345 | E64: Kildemarksvej 125 - 131 | F64: 4700 | G64: Næstved | H64: John Kelly | I64: Boliger
A65: PNI | B65: 11 | C65: 368 | E65: Kildemarksvej 115 - 123 | F65: 4700 | G65: Næstved | H65: John Kelly | I65: Boliger
A66: PNI | B66: 11 | C66: 380 | E66: Algade 33 | F66: 4000 | G66: Roskilde | H66: John Kelly | I66: Boliger
A67: PNI | B67: 11 | C67: 408 | D67: Klosterhaven | E67: Klosterhaven 1-47/Ingemannsvej 8-24 | F67: 4180 | G67: Sorø | H67: John Kelly | I67: Boliger
A68: PNI | B68: 11 | C68: 416 | E68: Hersegade 28 | F68: 4000 | G68: Roskilde | H68: John Kelly | I68: Boliger
A69: PNI | B69: 11 | C69: 423 | E69: Hærvigsgade 9-13/Vestre Havnevej 22-24 | F69: 4400 | G69: Kalundborg | H69: John Kelly | I69: Boliger
A70: PNI | B70: 11 | C70: 429 | D70: Emmasgården | E70: Kongebakken 54 - 60 | F70: 4000 | G70: Roskilde | H70: John Kelly | I70: Boliger
A71: PNI | B71: 11 | C71: 504 | E71: Lindevej 1/Hovedgaden 24 | F71: 4140 | G71: Borup | H71: John Kelly | I71: Boliger
A72: PNI | B72: 11 | C72: 119 | D72: Tømmergården | E72: Kastanievej 6-16/Smedelundsgade 34-38 | F72: 4300 | G72: Holbæk | H72: Michael Toft Nielsen | I72: Boliger
A73: PNI | B73: 11 | C73: 143 | D73: Egegården | E73: Gyvelvej 14 A-D | F73: 4000 | G73: Roskilde | H73: Michael Toft Nielsen | I73: Boliger
A74: PNI | B74: 11 | C74: 144 | D74: Bakkedraget | E74: Bakkedraget 14 - 22/Toftegårdsvej 10 - 23 | F74: 4500 | G74: Nykøbing Sj | H74: Michael Toft Nielsen | I74: Boliger
A75: PNI | B75: 11 | C75: 224 | E75: Jernbanegade 2A - 6D/Casinotorvet 2 - 6 | F75: 4200 | G75: Slagelse | H75: Michael Toft Nielsen | I75: Boliger
A76: PNI | B76: 11 | C76: 233 | D76: Møllehusparken | E76: Vestergade 12 - 22/Møllehusvej 121 - 125 | F76: 4000 | G76: Roskilde | H76: Michael Toft Nielsen | I76: Boliger
A77: PNI | B77: 11 | C77: 345 | E77: Kildemarksvej 125 - 131 | F77: 4700 | G77: Næstved | H77: Michael Toft Nielsen | I77: Boliger
A78: PNI | B78: 11 | C78: 368 | E78: Kildemarksvej 115 - 123 | F78: 4700 | G78: Næstved | H78: Michael Toft Nielsen | I78: Boliger
A79: PNI | B79: 11 | C79: 380 | E79: Algade 33 | F79: 4000 | G79: Roskilde | H79: Michael Toft Nielsen | I79: Boliger
A80: PNI | B80: 11 | C80: 408 | D80: Klosterhaven | E80: Klosterhaven 1-47/Ingemannsvej 8-24 | F80: 4180 | G80: Sorø | H80: Michael Toft Nielsen | I80: Boliger
A81: PNI | B81: 11 | C81: 416 | E81: Hersegade 28 | F81: 4000 | G81: Roskilde | H81: Michael Toft Nielsen | I81: Boliger
A82: PNI | B82: 11 | C82: 423 | E82: Hærvigsgade 9-13/Vestre Havnevej 22-24 | F82: 4400 | G82: Kalundborg | H82: Michael Toft Nielsen | I82: Boliger
A83: PNI | B83: 11 | C83: 429 | D83: Emmasgården | E83: Kongebakken 54 - 60 | F83: 4000 | G83: Roskilde | H83: Michael Toft Nielsen | I83: Boliger
A84: PNI | B84: 11 | C84: 504 | E84: Lindevej 1/Hovedgaden 24 | F84: 4140 | G84: Borup | H84: Michael Toft Nielsen | I84: Boliger
A85: PNI | B85: 11 | C85: 119 | D85: Tømmergården | E85: Kastanievej 6-16/Smedelundsgade 34-38 | F85: 4300 | G85: Holbæk | H85: Sabrina Ripley | I85: Boliger
A86: PNI | B86: 11 | C86: 143 | D86: Egegården | E86: Gyvelvej 14 A-D | F86: 4000 | G86: Roskilde | H86: Sabrina Ripley | I86: Boliger
A87: PNI | B87: 11 | C87: 144 | D87: Bakkedraget | E87: Bakkedraget 14 - 22/Toftegårdsvej 10 - 23 | F87: 4500 | G87: Nykøbing Sj | H87: Sabrina Ripley | I87: Boliger
A88: PNI | B88: 11 | C88: 224 | E88: Jernbanegade 2A - 6D/Casinotorvet 2 - 6 | F88: 4200 | G88: Slagelse | H88: Sabrina Ripley | I88: Boliger
A89: PNI | B89: 11 | C89: 233 | D89: Møllehusparken | E89: Vestergade 12 - 22/Møllehusvej 121 - 125 | F89: 4000 | G89: Roskilde | H89: Sabrina Ripley | I89: Boliger
A90: PNI | B90: 11 | C90: 345 | E90: Kildemarksvej 125 - 131 | F90: 4700 | G90: Næstved | H90: Sabrina Ripley | I90: Boliger
A91: PNI | B91: 11 | C91: 368 | E91: Kildemarksvej 115 - 123 | F91: 4700 | G91: Næstved | H91: Sabrina Ripley | I91: Boliger
A92: PNI | B92: 11 | C92: 380 | E92: Algade 33 | F92: 4000 | G92: Roskilde | H92: Sabrina Ripley | I92: Boliger
A93: PNI | B93: 11 | C93: 408 | D93: Klosterhaven | E93: Klosterhaven 1-47/Ingemannsvej 8-24 | F93: 4180 | G93: Sorø | H93: Sabrina Ripley | I93: Boliger
A94: PNI | B94: 11 | C94: 416 | E94: Hersegade 28 | F94: 4000 | G94: Roskilde | H94: Sabrina Ripley | I94: Boliger
A95: PNI | B95: 11 | C95: 423 | E95: Hærvigsgade 9-13/Vestre Havnevej 22-24 | F95: 4400 | G95: Kalundborg | H95: Sabrina Ripley | I95: Boliger
A96: PNI | B96: 11 | C96: 429 | D96: Emmasgården | E96: Kongebakken 54 - 60 | F96: 4000 | G96: Roskilde | H96: Sabrina Ripley | I96: Boliger
A97: PNI | B97: 11 | C97: 504 | E97: Lindevej 1/Hovedgaden 24 | F97: 4140 | G97: Borup | H97: Birgith Lystrup Thomsen | I97: Boliger
A106: PNI | B106: 8 | C106: 538 | D106: E/F Bagsværddal | E106: Bagsværddal 20/Bagsværd Hovedgade 115 | F106: 2880 | G106: Bagsværd | H106: ? | I106: Boliger | O106: ='1-Peter'!$U$39 -> Tilsyneladende ingen FS-aftale
A107: PNI | B107: 11 | C107: 262 | D107: Nygade | E107: Nygade 20-30 | F107: 4800 | G107: Nykøbing F | H107: Jan Petersen | I107: Boliger
A108: PNI | B108: 11 | C108: 358 | D108: Carolines Have | E108: Vejlegårdsvej 45 | F108: 2665 | G108: Vallensbæk Strand | H108: Afventer | I108: Boliger
A109: PNI | B109: 11 | C109: 402 | E109: Højager 12 | F109: 2630 | G109: Taastrup | H109: - | I109: Grund
A110: PNI | B110: 11 | C110: 403 | E110: Højager 8-10 | F110: 2630 | G110: Taastrup | H110: (Domicil) | I110: Erhverv
...

Sheet Viceværter norm
B1: Fuldt navn | C1: Brugertype | D1: Normtid | E1: Lønnummer | F1: Medarb.nummer | G1: Mobilnr.
B2: 01 - Alexander Kirchherr | C2: Servicemedarbejder (FS) | D2: 37 | F2: 4870 | G2: 27901934
B3: 01 - Boye Jensen | C3: Servicemedarbejder (FS) | D3: 37 | F3: 4573 | G3: 27901875
B4: 01 - Christian Trajkovski | C4: Servicemedarbejder (FS) | D4: 30 | F4: 5820 | G4: 77890588
B5: 02 - Flemming Jespersen | C5: Servicemedarbejder (FS) | D5: 37 | F5: 4140 | G5: 27901879
B6: 02 - Henrik Ankerstjerne Hansen | C6: Servicemedarbejder (FS) | D6: 37 | F6: 4968 | G6: 27901941
B7: 02 - Kim Dullum | C7: Servicemedarbejder (FS) | D7: 37 | F7: 4719 | G7: 27901961
B8: 02 - Sten Faurschou | C8: Servicemedarbejder (FS) | D8: 37 | F8: 5202 | G8: 27901850
B9: 02 - Thor Hansen | C9: Servicemedarbejder (FS) | D9: 37 | F9: 4830 | G9: 27901917
B10: 03 - Hans Jørgen Thuesen | C10: Servicemedarbejder (FS) | D10: 30 | F10: 5208 | G10: 27901470
B11: 04 - Jakob Ståhl Mortensen | C11: Servicemedarbejder (FS) | D11: 37 | F11: 4960 | G11: 27901940
B12: 04 - Jørn Strenov | C12: Servicemedarbejder (FS) | D12: 37 | F12: 4598 | G12: 27901889
B13: 05 - Ejvind Andersen | C13: Servicemedarbejder (FS) | D13: 10 | F13: 5294 | G13: 27901974
... B37: 20 - Brian Frederiksen | C37: Servicemedarbejder (FS) | D37: 37 | F37: 5756 | G37: 27901985
B38: 21 - Jan Vaclav Hemmersam | C38: Servicemedarbejder (FS) | D38: 37 | F38: 5796
B39: André Sørensen | C39: Servicemedarbejder (FS) | D39: 37 | F39: 5665 | G39: 27901929
B40: Andreas Braagaard | C40: Vicevært (Fast) | D40: 37 | F40: 5114 | G40: 61556878
B41: Bjarne Pedersen | C41: Gartner | D41: 37 | F41: 5644 | G41: 27901871
B42: Bjørn David Schistad Handberg | C42: Gartner | D42: 37 | F42: 5834 | G42: 27901729
B43: Brian Borch Rasmussen | C43: Servicemedarbejder (FS) | D43: 37 | F43: 5761 | G43: 20109653
B44: Camilla Valim | C44: Gartner | D44: 37 | F44: 5683 | G44: 27901848
B45: Carsten Thorup Bjergegaard | C45: Servicemedarbejder (FS) | D45: 37 | F45: 4869 | G45: 27901935
B46: Clement Simon | C46: Servicemedarbejder (FS) | D46: 37 | F46: 4498 | G46: +4527901387
B47: Dan Jensen | C47: Vicevært (Fast) | D47: 37 | F47: 5005 | G47: 27901968
B48: Danny Nielsen | C48: Servicemedarbejder (FS) | D48: 37 | F48: 5189 | G48: 27901962
B49: David Price | C49: Servicemedarbejder (FS) | D49: 37 | F49: 5401 | G49: 27901877
B50: Emil Milo Lindblom | C50: Servicemedarbejder (FS) | D50: 37 | F50: 5771 | G50: 27901735
... B53: Finn Haumann | C53: Servicemedarbejder (FS) | D53: 37 | F53: 4768 | G53: 27901863
B54: Frank Farenzena | C54: Vicevært (Fast) | D54: 37 | F54: 5841
B55: Hans-Henrik Jakobsen | C55: Vicevært (Fast) | D55: 37 | F55: 5324
B56: Helmer Axel Schødts | C56: Servicemedarbejder (FS) | D56: 37 | F56: 4034
B57: Henning Søren Kjeldsen | C57: Servicemedarbejder (FS) | D57: 37 | F57: 4828 | G57: 27901855
B58: Henrik Büchner | C58: Gartner | D58: 37 | F58: 5832 | G58: 27901732
B59: Henrik Gram Schjoldager | C59: Servicemedarbejder (FS) | D59: 20 | F59: 4755 | G59: 77890573
B60: Henrik Kirchherr | C60: Servicemedarbejder (FS) | D60: 37 | F60: 4355 | G60: 77890572
B61: Henrik Tønnersen | C61: Servicemedarbejder (FS) | D61: 37 | F61: 5242 | G61: 27901954
B62: Henry Dalager Jeppesen | C62: Servicemedarbejder (FS) | D62: 37 | F62: 4653 | G62: 27901436
B63: Hubert Erichsen | C63: Vicevært (Fast) | D63: 37 | F63: 5508 | G63: 27901707
B64: Jan Agersten | C64: Servicemedarbejder (FS) | D64: 37 | F64: 5822 | G64: 27901628
B65: Jan Blindkilde | C65: Servicemedarbejder (FS) | D65: 37 | F65: 5237 | G65: +4561201356
B66: Jan Due | C66: Servicemedarbejder (FS) | D66: 37 | F66: 5493 | G66: 27901206
B67: Jaroslav Broz | C67: Servicemedarbejder (FS) | D67: 30 | F67: 4427 | G67: 27901885
B68: Jean Ungstrup Rasmussen | C68: Servicemedarbejder (FS) | D68: 37 | F68: 5666 | G68: 27901036
... B70: Jesper Midtgaard Rasmussen | C70: Servicemedarbejder (FS) | D70: 37 | F70: 5798 | G70: 77890401
B71: Jesper Veibel Malthe | C71: Vicevært (Fast) | D71: 37 | F71: 100324
B72: John Frederiksen | C72: Servicemedarbejder (FS) | D72: 37 | F72: 5532 | G72: 27901886
B73: John Juul Jørgensen | C73: Servicemedarbejder (FS) | D73: 37 | F73: 5124 | G73: 21484586
B74: John Larsen | C74: Vicevært (Fast) | D74: 37 | F74: 5212 | G74: 27901145
B75: John Skovbo | C75: Servicemedarbejder (FS) | D75: 37 | F75: 4376 | G75: 27901867
B76: John Tångberg | C76: Servicemedarbejder (FS) | D76: 37 | F76: 4335 | G76: 27901887
B77: Johnny Halberg Faigh | C77: Servicemedarbejder (FS) | D77: 37 | F77: 5003 | G77: 27901888
B78: Juan Perez | C78: Servicemedarbejder (FS) | D78: 37 | F78: 5770 | G78: 27901139
B79: Jørgen Jensen | C79: Vicevært (Fast) | D79: 20 | F79: 6026
B80: Karin Korneliussen | C80: Gartner | D80: 37 | F80: 4821 | G80: 27901931
B81: Kenneth Højlund Gudmandsen | C81: Gartner | D81: 37 | F81: 5840
B82: Kenneth Voldstedlund | C82: Vicevært (Fast) | D82: 37 | F82: 5031 | G82: 27783706
B83: Kevin Henriksen | C83: Servicemedarbejder (FS) | D83: 37 | F83: 4787 | G83: 27901928
B84: Kim Bo Pallesen | C84: Servicemedarbejder (FS) | D84: 37 | F84: 5757
B85: Kim Larsen | C85: Servicemedarbejder (FS) | D85: 2.5 | F85: 5274
B86: Lars Ingemann | C86: Servicemedarbejder (FS) | D86: 37 | F86: 7356
B87: Lars Sejr Mulvad | C87: Servicemedarbejder (FS) | D87: 37 | F87: 5783 | G87: 27901988
B88: Lasse Rasmussen | C88: Servicemedarbejder (FS) | D88: 37 | F88: 5824 | G88: 77890587
B89: Lene Gedsted Hansen | C89: Gartner | D89: 37 | F89: 5688 | G89: 27901927
B90: Martin Frederiksen | C90: Servicemedarbejder (FS) | D90: 37 | F90: 5784
B91: Martin Frederiksen | C91: Vicevært (Fast) | D91: 37 | F91: 5249 | G91: 27901976
B92: Martin Stendahl | C92: Gartner | D92: 37 | F92: 4955 | G92: 27901894
B93: Michael Hamstrup | C93: Servicemedarbejder (FS) | D93: 37 | F93: 5825 | G93: 27901738
B94: Michael Herringstad Larsen | C94: Servicemedarbejder (FS) | D94: 37 | F94: 4425 | G94: 27901895
B95: Michael Johansen | C95: Gartner | D95: 37 | F95: 4658 | G95: 27783848
B96: Michael Nedergaard | C96: Servicemedarbejder (FS) | D96: 25 | F96: 5679 | G96: 27901144
B97: Michael Randall | C97: Gartner | D97: 37 | F97: 5830
B98: Michael Rasmussen | C98: Servicemedarbejder (FS) | D98: 37 | F98: 4953 | G98: 27901897
B99: Mikkel Brock-Jørgensen | C99: Gartner | D99: 37 | F99: 5844
B100: Mikkel Finne | C100: Servicemedarbejder (FS) | D100: 37 | F100: 5797 | G100: 27901992
B101: Mikko Paulo P. Agarin | C101: Servicemedarbejder (FS) | D101: 37 | F101: 5290 | G101: 27901952
B102: Morten Gram | C102: Gartner | D102: 37 | F102: 4454 | G102: 27901898
B103: Morten Rubin | C103: Servicemedarbejder (FS) | D103: 37 | F103: 5315 | G103: 27901013
B104: Ole Jensen | C104: Servicemedarbejder (FS) | D104: 37 | F104: 4357 | G104: 27901902
B105: Ole Johansen | C105: Servicemedarbejder (FS) | D105: 37 | F105: 4835 | G105: 27901903
B106: Ole Weibel | C106: Servicemedarbejder (FS) | D106: 37 | F106: 4239 | G106: 27901904
B107: Ove Fritz | C107: Vicevært (Fast) | D107: 37 | F107: 100598
B108: Per Benno Hansen | C108: Servicemedarbejder (FS) | D108: 37 | F108: 5257
B109: Per Edson Tang-Nielsen | C109: Gartner | D109: 37 | F109: 5843
B110: Per Hau | C110: Servicemedarbejder (FS) | D110: 37 | F110: 5801 | G110: 27901226
B111: Per jensen | C111: Vicevært (Fast) | D111: 37 | F111: 5842
B112: Per Mortensen | C112: Servicemedarbejder (FS) | D112: 37 | F112: 4720 | G112: 27901892
B113: Per Nilsson | C113: Vicevært (Fast) | D113: 37 | F113: 100617
B114: Per Toftum Flaskgaard | C114: Servicemedarbejder (FS) | D114: 37 | F114: 5169 | G114: 27901959
B115: Peter Heide Nielsen | C115: Gartner | D115: 37 | F115: 5751 | G115: 27901953
B116: Peter Vorbeck | C116: Servicemedarbejder (FS) | D116: 37 | F116: 5772 | G116: 22706998
B117: Philip Eland | C117: Gartner | D117: 37 | F117: 5674 | G117: 27901502
B118: Poul Erik Storm | C118: Servicemedarbejder (FS) | D118: 4 | F118: 5097
B119: Poul Godtfred Sørensen | C119: Vicevært (Fast) | D119: 37 | F119: 5180
B120: Poul Hansen | C120: Gartner | D120: 37 | F120: 5833 | G120: 27901728
B121: René Dyreborg | C121: Servicemedarbejder (FS) | D121: 37 | F121: 4518 | G121: 27901907
B122: Rene Jensen | C122: Servicemedarbejder (FS) | D122: 37 | F122: 4971 | G122: 27901920
B123: Ricky Johansen | C123: Servicemedarbejder (FS) | D123: 37 | F123: 5120 | G123: 27901899
B124: Rikki Linders | C124: Vicevært (Fast) | D124: 37 | F124: 4346 | G124: 61554419
B125: Rita Dandanell | C125: Gartner | D125: 37 | F125: 4673 | G125: 27901919
B126: Rolf Milson | C126: Vicevært (Fast) | D126: 37 | F126: 5381 | G126: 30515534
...

Sheet 1-Peter
A1: Peter Nielsen - 12
A2: GRUPPE 1 - PKA
A3: Antal ejendomme | C3: =K7 -> 36 | J3: Erhverv | K3: =COUNTIFS(L:L,J3) -> 6
A4: Viceværter | J4: Boliger | K4: =COUNTIFS(L:L,J4) -> 29
J5: Grund | K5: =COUNTIFS(L:L,J5) -> 1
A6: Note: | J6: Andet | K6: =COUNTIFS(L:L,J6) -> 0
K7: =SUM(K3:K6) -> 36
M8: Timer pr. uge | P8: Kr/år
A9: DL | B9: Kunde | C9: Selskab | D9: Ejendoms nr | E9: Gruppe | F9: Ejendom | G9: Adresse | H9: Post nr | I9: By | J9: Viceværter | K9: Ny vicevært | L9: Kategori | M9: Vicevært | N9: Gartner | O9: Feje/suge | P9: CTS | Q9: SC | R9: Opstartsdato | S9: Slutdato | T9: FS-aftale | U9: Kommentar | V9: Antal: | W9: PT. DL
A10: PNI | B10: PKA | C10: 11 | D10: 187 | E10: 1 | G10: Tornerosevej 127 | H10: 2730 | I10: Herlev | J10: B. S. Ejendomsservice | L10: Erhverv | M10: =(50+100+4+10)/52 -> 3.1538462 | N10: =100/52 -> 1.9230769 | O10: =(18+3)/52 -> 0.40384615 | P10: 0 | Q10: =3400 -> 3400 | R10: 42095 | T10: JA | V10: 1 | W10: BFE
A11: PNI | B11: PKA | C11: 11 | D11: 195 | E11: 1 | F11: Tinghaven | G11: Telefonvej 2/Tinghøjvej 57, 59, 61, 63 og 65 | H11: 2860 | I11: Søborg | J11: Kay Helt & BS | L11: Boliger | M11: =(280+275+39+15)/52 -> 11.711538 | N11: =266/52 -> 5.1153846 | O11: =0 -> 0 | P11: 0 | Q11: 27880 | R11: 42036 | T11: JA | V11: 1
A12: PNI | B12: PKA | C12: 11 | D12: 220 | E12: 1 | G12: Ejby Industrivej 60-66 | H12: 2600 | I12: Glostrup | J12: B. S. Ejendomsservice | L12: Erhverv | M12: =(50+150+4+10)/52 -> 4.1153846 | N12: =120/52 -> 2.3076923 | O12: 0 | P12: 0 | Q12: =1020 -> 1020 | T12: JA | V12: 1 | W12: BFE
A13: PNI | B13: PKA | C13: 11 | D13: 232 | E13: 1 | G13: Mørkhøjvej 132 - 142 | H13: 2860 | I13: Søborg | J13: Kay Helt & BS | L13: Boliger | M13: =(500+735+49+27)/52 -> 25.211538 | N13: =(100+400)/52 -> 9.6153846 | O13: 4.8076923 | P13: 0 | Q13: =62220 -> 62220 | R13: 43070 | T13: JA | V13: 1
A14: PNI | B14: PKA | C14: 11 | D14: 493 | E14: 1 | G14: Søborg Hovedgade 121-127/Andersen Nexøvej 3 | H14: 2860 | I14: Søborg | J14: Kay Helt & BS | L14: Boliger | M14: =(160+140+53+15)/52 -> 7.0769231 | N14: =50/52 -> 0.96153846 | O14: 0 | P14: =21600 -> 21600 | Q14: =22100 -> 22100 | T14: JA | U14: Genforhandling - kan ikke finde opstartsdato | V14: 1
A15: PNI | B15: Ejerforening | C15: 8 | D15: 217 | E15: 1 | F15: G/F Søpark | G15: Mortonsvej 2 - 42 | H15: 2800 | I15: Kgs. Lyngby | J15: Kay Helt & BS | L15: Boliger | M15: =(12*0.5+52*0.17+12)/52 -> 0.51615385 | N15: 0 | O15: 0 | P15: 0 | Q15: =2537.5 -> 2537.5 | R15: 43922 | T15: JA | V15: 1
A16: PNI | B16: PKA | C16: 11 | D16: 306 | E16: 1 | G16: Frederiksdalsvej 80 - 82/Frederiksdalsvej 80 A-E - 82 A-E | H16: 2830 | I16: Virum | J16: B. S. Ejendomsservice | L16: Boliger | M16: =53/52 -> 1.0192308 | N16: 0 | O16: 0 | P16: 0 | Q16: =33660 -> 33660 | T16: JA | V16: 1 | W16: PAAN
A17: PNI | B17: PKA | C17: 11 | D17: 499 | E17: 1 | F17: Lyngby Søpark | G17: Mortonsvej 2 - 30 | H17: 2800 | I17: Kgs. Lyngby | J17: Thomas Rosenkvist | L17: Boliger | M17: =(625+48+140)/52 -> 15.634615 | N17: 0 | O17: 0 | P17: 0 | Q17: =44200 -> 44200 | T17: JA | V17: 1
A18: PNI | B18: PKA | C18: 11 | D18: 513 | E18: 1 | G18: Øverødvej 3 A/Øverødvej 3 B | H18: 2840 | I18: Holte | J18: Kay Helt | L18: Boliger | M18: =0.25+4+0.5 -> 4.75 | N18: 0.25 | O18: 0 | P18: 0 | Q18: =3060 -> 3060 | T18: JA | V18: 1 | W18: PAAN
A19: PNI | B19: PKA | C19: 11 | D19: 135 | E19: 1 | F19: Ketteholm | G19: Ketteholm 29 - 37, Ketteholm 53 - 55 Ketteholm 75 - 81 | H19: 2650 | I19: Hvidovre | J19: FS - SC | L19: Boliger | M19: =(130+4)/52 -> 2.5769231 | N19: 0 | O19: 0 | P19: 0 | Q19: =3740 -> 3740 | R19: 43191 | T19: JA | V19: 1 | W19: BFE
A20: PNI | B20: PKA | C20: 11 | D20: 247 | E20: 1 | F20: Jernholmen 6 - 10 | G20: Jernholmen 6 - 10 | H20: 2650 | I20: Hvidovre | J20: FS - Henrik Kirchherr | L20: Erhverv | M20: =(25+150+4)/52 -> 3.4423077 | N20: =150/52 -> 2.8846154 | O20: =10/52 -> 0.19230769 | P20: 0 | Q20: 2040 | R20: 42095 | T20: JA | V20: 1 | W20: BFE
A21: PNI | B21: PKA | C21: 11 | D21: 382 | E21: 1 | G21: Taastrup Hovedgade 101 tidl. Køgevej | H21: 2630 | I21: Taastrup | J21: FS - Henning Søren Kjeldsen | L21: Erhverv | M21: =(100+50+4)/52 -> 2.9615385 | N21: =30/52 -> 0.57692308 | O21: =0 -> 0 | P21: 0 | Q21: 1700 | R21: 42125 | T21: JA | V21: 1 | W21: BFE
A22: PNI | B22: PKA | C22: 11 | D22: 458 | E22: 1 | F22: Amalieparken | G22: Amalieparken 7, 25, 41, Margrethevænget 3, 9, 15, Amalieparken 7, 25, 41 | H22: 2665 | I22: Vallensbæk Strand | J22: FS - Henrik Kirchherr | L22: Boliger | M22: =(500+125+105)/52 -> 14.038462 | N22: 0 | O22: 0 | P22: =4745 -> 4745 | Q22: 48960 | R22: 42036 | T22: JA | V22: 1 | W22: BFE
A23: PNI | B23: PKA | C23: 11 | D23: 508 | E23: 1 | G23: Hovedvejen 87 | H23: 2600 | I23: Glostrup | J23: B. S. Ejendomsservice | L23: Boliger | M23: =(100+100+4)/52 -> 3.9230769 | N23: 0 | O23: 0 | P23: 0 | Q23: =2040 -> 2040 | T23: JA | V23: 1 | W23: BFE
A24: PNI | B24: PKA | C24: 11 | D24: 517 | E24: 1 | G24: Hovedvejen 104-108 | H24: 2600 | I24: Glostrup | J24: B. S. Ejendomsservice | L24: Boliger | M24: =(250+200)/52 -> 8.6538462 | N24: 0 | O24: 0 | P24: 0 | Q24: =10880 -> 10880 | T24: JA | V24: 1 | W24: BFE
A25: PNI | B25: PKA | C25: 11 | D25: 706 | E25: 1 | G25: Hovedvejen 114-116/Heggelunds Allé 2/Højvangsvej 71 | H25: 2600 | I25: Glostrup | J25: B. S. Ejendomsservice | L25: Boliger | M25: =(300+200)/52 -> 9.6153846 | N25: 0 | O25: 0 | P25: 0 | Q25: =5100 -> 5100 | T25: JA | V25: 1 | W25: BFE
A26: PNI | B26: PKA | C26: 11 | D26: 119 | E26: 1 | F26: Tømmergården | G26: Kastanievej 6-16/Smedelundsgade 34-38 | H26: 4300 | I26: Holbæk | J26: Jan Bruun | L26: Boliger | M26: =(550+325)/52 -> 16.826923 | N26: 2.8846154 | O26: 0 | P26: 0 | Q26: 29240 | T26: JA | V26: 1
A27: PNI | B27: PKA | C27: 11 | D27: 143 | E27: 1 | F27: Egegården | G27: Gyvelvej 14 A-D | H27: 4000 | I27: Roskilde | J27: Michael Toft Nielsen/John Kelly | L27: Boliger | M27: =(60+300+11)/52 -> 7.1346154 | N27: =225/52 -> 4.3269231 | O27: 0 | P27: 0 | Q27: =10880 -> 10880 | T27: JA | V27: 1
A28: PNI | B28: PKA | C28: 11 | D28: 144 | E28: 1 | F28: Bakkedraget | G28: Bakkedraget 14 - 22/Toftegårdsvej 10 - 23 | H28: 4500 | I28: Nykøbing Sj | J28: Jan Bruun | L28: Boliger | M28: =(75+150)/52 -> 4.3269231 | N28: =150/52 -> 2.8846154 | O28: 0 | P28: 0 | Q28: =5100 -> 5100 | T28: JA | V28: 1
A29: PNI | B29: PKA | C29: 11 | D29: 224 | E29: 1 | G29: Jernbanegade 2A - 6D/Casinotorvet 2 - 6 | H29: 4200 | I29: Slagelse | J29: Henning Toft Larsen/Jytte Petersen | L29: Boliger | M29: =(700+800+88)/52 -> 30.538462 | N29: 3.1730769 | O29: 0 | P29: 0 | Q29: =42840 -> 42840 | T29: JA | V29: 1
A30: PNI | B30: PKA | C30: 11 | D30: 233 | E30: 1 | F30: Møllehusparken | G30: Vestergade 12 - 22/Møllehusvej 121 - 125 | H30: 4000 | I30: Roskilde | J30: Michael Toft Nielsen/John Kelly | L30: Boliger | M30: =(240+600+77)/52 -> 17.634615 | N30: =210/52 -> 4.0384615 | O30: 0 | P30: 0 | Q30: =48960 -> 48960 | T30: JA | V30: 1
A31: PNI | B31: PKA | C31: 11 | D31: 345 | E31: 1 | G31: Kildemarksvej 125 - 131 | H31: 4700 | I31: Næstved | J31: Sabrina Ripley | L31: Boliger | M31: =(200+200+25)/52 -> 8.1730769 | N31: =100/52 -> 1.9230769 | O31: 0 | P31: 0 | Q31: =11900 -> 11900 | T31: JA | V31: 1
A32: PNI | B32: PKA | C32: 11 | D32: 368 | E32: 1 | G32: Kildemarksvej 115 - 123 | H32: 4700 | I32: Næstved | J32: Sabrina Ripley | L32: Boliger | M32: =(200+200+35)/52 -> 8.3653846 | N32: =100/52 -> 1.9230769 | O32: 0 | P32: 0 | Q32: =14280 -> 14280 | T32: JA | V32: 1
A33: PNI | B33: PKA | C33: 11 | D33: 380 | E33: 1 | G33: Algade 33 | H33: 4000 | I33: Roskilde | J33: Michael Toft Nielsen/John Kelly | L33: Boliger | M33: =(15+300+4)/52 -> 6.1346154 | N33: =8/52 -> 0.15384615 | O33: 0 | P33: 0 | Q33: 3060 | T33: JA | V33: 1
A34: PNI | B34: PKA | C34: 11 | D34: 408 | E34: 1 | F34: Klosterhaven | G34: Klosterhaven 1-47/Ingemannsvej 8-24 | H34: 4180 | I34: Sorø | J34: Sabrina Ripley | L34: Boliger | M34: =(250+500+25)/52 -> 14.903846 | N34: =650/52 -> 12.5 | O34: 0 | P34: 0 | Q34: 26860 | T34: JA | V34: 1
A35: PNI | B35: PKA | C35: 11 | D35: 416 | E35: 1 | G35: Hersegade 28 | H35: 4000 | I35: Roskilde | J35: Michael Toft Nielsen/John Kelly | L35: Boliger | M35: =(6+200+4)/52 -> 4.0384615 | N35: =2/52 -> 0.038461538 | O35: 0 | P35: 0 | Q35: =1020 -> 1020 | T35: JA | V35: 1
A36: PNI | B36: PKA | C36: 11 | D36: 423 | E36: 1 | G36: Hærvigsgade 9-13/Vestre Havnevej 22-24 | H36: 4400 | I36: Kalundborg | J36: Jan Bruun | L36: Boliger | M36: =(150+150+28)/52 -> 6.3076923 | N36: =90/52 -> 1.7307692 | O36: 0 | P36: 0 | Q36: =10200 -> 10200 | R36: 42887 | T36: JA | V36: 1
A37: PNI | B37: PKA | C37: 11 | D37: 429 | E37: 1 | F37: Emmasgården | G37: Kongebakken 54 - 60 | H37: 4000 | I37: Roskilde | J37: Michael Toft Nielsen/John Kelly | L37: Boliger | M37: =(70+300+32)/52 -> 7.7307692 | N37: =225/52 -> 4.3269231 | O37: 0 | P37: 0 | Q37: =14620 -> 14620 | T37: JA | V37: 1
A38: PNI | B38: PKA | C38: 11 | D38: 504 | E38: 1 | G38: Lindevej 1/Hovedgaden 24 | H38: 4140 | I38: Borup | J38: Birgith Lystrup Thomsen | L38: Boliger | M38: =(100+100+7)/52 -> 3.9807692 | N38: =30/52 -> 0.57692308 | O38: 0 | P38: 0 | Q38: =2720 -> 2720 | T38: JA | V38: 1
A39: PNI | B39: Ejerforening | C39: 8 | D39: 538 | E39: 1 | F39: E/F Bagsværddal | G39: Bagsværddal 20/Bagsværd Hovedgade 115 | H39: 2880 | I39: Bagsværd | J39: ? | L39: Boliger | T39: NEJ | U39: Tilsyneladende ingen FS-aftale | V39: 1
A40: PNI | B40: PKA | C40: 11 | D40: 262 | E40: 1 | F40: Nygade | G40: Nygade 20-30 | H40: 4800 | I40: Nykøbing F | J40: Jan Petersen | L40: Boliger | T40: JA | U40: Ingen FS - MIC undersøger sagen | V40: 1
A41: PNI | B41: PKA | C41: 11 | D41: 358 | F41: Carolines Have | G41: Vejlegårdsvej 45 | H41: 2665 | I41: Vallensbæk Strand | L41: Boliger | T41: NEJ | U41: Under opførelse | V41: 1
A42: PNI | B42: PKA | C42: 11 | D42: 402 | E42: 2 | G42: Højager 12 | H42: 2630 | I42: Taastrup | J42: - | L42: Grund | T42: NEJ | U42: Ingen FS - | V42: 1 | W42: BFE
A43: PNI | B43: PKA | C43: 11 | D43: 403 | E43: 2 | G43: Højager 8-10 | H43: 2630 | I43: Taastrup | J43: (Domicil) | L43: Erhverv | T43: NEJ | U43: Ingen FS - det er en domicil ejendom. Lejer har selv alt drift på matriklen. | V43: 1 | W43: BFE
A44: PNI | B44: PKA | C44: 11 | D44: 774 | E44: 1 | F44: Restejendom Bagsværddal | G44: Bagsværddal 20/Bagsværd Hovedgade 115-117/ | H44: 2880 | I44: Bagsværd | J44: Kay Helt & BS | L44: Boliger | M44: 0 | N44: 0 | O44: 0 | P44: 0 | Q44: =850 -> 850 | T44: JA | U44: MIC undersøger sagen | V44: 1
A45: PNI | C45: 800 | D45: 3 | E45: 1 | F45: Børne- og Ungdomspsykiatrisk Center | G45: Vibeholmsvej 17 | H45: 2605 | I45: Brøndby | J45: Henrik Schjoldager | L45: Erhverv | M45: 6 | N45: 0 | O45: 0 | P45: 0 | Q45: 0 | R45: 40848 | T45: JA | U45: Kun scannet FS-aftale, afsat 6 timer per uge. i ydelsesbeskrivelser | V45: 1 | W45: BFE

Sheet 1-Lars-Peter
A1: Lars-Peter Norsker - 17
A2: GRUPPE 1 - PKA
A3: Antal ejendomme | C3: =K7 -> 24 | J3: Erhverv | K3: =COUNTIFS(L:L,J3) -> 2
A4: Viceværter: | J4: Boliger | K4: =COUNTIFS(L:L,J4) -> 19
J5: Grund | K5: =COUNTIFS(L:L,J5) -> 1
A6: Note: | J6: Andet | K6: =COUNTIFS(L:L,J6) -> 2
K7: =SUM(K3:K6) -> 24
M8: Timer pr. uge | P8: Kr/år
A9: DL | B9: Kunde | C9: Selskab | D9: Ejendoms nr | E9: Gruppe | F9: Ejendom | G9: Adresse | H9: Post nr | I9: By | J9: Viceværter | K9: Ny vicevært | L9: Kategori | M9: Vicevært | N9: Gartner | O9: Feje/suge | P9: CTS | Q9: SC | R9: Opstartsdato | S9: Slutdato | T9: FS-aftale | U9: Kommentar | V9: Antal: | W9: PT. DL
A10: LPN | B10: PKA | C10: 11 | D10: 447 | E10: 1 | G10: Toftegårds Allé 40-42/Lyshøj Allé 2 - 6 | H10: 2500 | I10: Valby | J10: FS - Finn Transtrøm/Jacob Ståhl/Allan Schumann | K10: FS - Finn Transtrøm - Henrik Jensen | L10: Boliger | M10: =(380+100+11)/52 -> 9.4423077 | N10: =100/52 -> 1.9230769 | O10: 0 | P10: 0 | Q10: =16320 -> 16320 | T10: JA | V10: 1
A11: LPN | B11: PKA | C11: 11 | D11: 467 | E11: 1 | G11: Carl Jacobsens Vej 17/VALBY 1312 | H11: 2500 | I11: Valby | J11: FS - Finn Transtrøm/Jacob Ståhl/Allan Schumann | K11: FS - Finn Transtrøm - Henrik Jensen | L11: Boliger | M11: =(530+465+84)/52 -> 20.75 | N11: =280/52 -> 5.3846154 | O11: 0 | P11: 0 | Q11: =42500 -> 42500 | T11: JA | V11: 1
A12: LPN | B12: PKA | C12: 11 | D12: 491 | E12: 1 | F12: Ballinghus | G12: Ib Schønbergs Allé 11-17/Poul Reichhardts Vej 10-16 | H12: 2500 | I12: Valby | J12: FS - Finn Transtrøm/Jacob Ståhl/Allan Schumann | K12: FS - Finn Transtrøm - Henrik Jensen | L12: Boliger | M12: =(150+300+70)/52 -> 10 | N12: 1.7307692 | O12: =32.5/52 -> 0.625 | P12: 0 | Q12: =19040 -> 19040 | R12: 42036 | T12: JA | V12: 1
A13: LPN | B13: PKA | C13: 11 | D13: 970 | E13: 1 | G13: Poppelstykket 12-50, Følager 16 | H13: 2450 | I13: København SV | J13: FS - Finn Transtrøm/Jacob Ståhl/Allan Schumann | K13: FS - Finn Transtrøm - Henrik Jensen | L13: Boliger | M13: =(530+600+88)/52 -> 23.423077 | N13: =185/52 -> 3.5576923 | O13: 0 | P13: 0 | Q13: =44880 -> 44880 | R13: 43115 | T13: JA | V13: 1
A14: LPN | B14: PKA | C14: 11 | D14: 330 | E14: 1 | F14: Hortensia hus | G14: Grønttorvet/Unavngiven Vej 14 Vb 1/ Paradisæblevej 50-74 | H14: 2500 | I14: Valby | J14: HP Ejendomsservice | L14: Boliger | T14: NEJ | U14: Ingen FS | V14: 1
A15: LPN | B15: PKA | C15: 11 | D15: 331 | E15: 1 | F15: Lathyrus Hus | G15: Grønttorvet/Paradisæblevej 84-108/ | H15: 2500 | I15: Valby | J15: HP Ejendomsservice | L15: Boliger | T15: NEJ | U15: Ingen FS | V15: 1
A16: LPN | B16: PKA | C16: 11 | D16: 332 | E16: 1 | F16: Kamelia Hus | G16: Elstarvej 20-22 | H16: 2500 | I16: Valby | J16: HP Ejendomsservice | L16: Boliger | T16: NEJ | U16: Ingen FS | V16: 1
A17: LPN | B17: PKA | C17: 11 | D17: 333 | E17: 1 | F17: Rhododendron Hus | G17: Rubinolavej 4-10, James Grievevej 1-7, Paradisæblevej 40-46, Retortvej 37-39 | H17: 2500 | I17: Valby | J17: HP Ejendomsservice | L17: Boliger | T17: NEJ | U17: Ingen FS | V17: 1
A18: LPN | B18: PKA | C18: 11 | D18: 335 | E18: 1 | F18: Ranunkel Hus | H18: 2500 | I18: Valby | J18: HP Ejendomsservice | L18: Boliger | T18: NEJ | U18: Ingen FS | V18: 1
A19: LPN | B19: PKA | C19: 11 | D19: 338 | E19: 1 | F19: Grønttorvet | G19: Byggefelt 15 | H19: 2500 | I19: Valby | L19: Andet | T19: NEJ | U19: Ingen FS | V19: 1
A20: LPN | B20: PKA | C20: 11 | D20: 153 | E20: 1 | F20: Grunden - Dalgas Have | G20: Dalgas Have 1 - 76 | H20: 2000 | I20: Frederiksberg | J20: - | L20: Grund | T20: NEJ | U20: Ingen FS | V20: 1
A21: LPN | B21: PKA | C21: 11 | D21: 343 | E21: 1 | G21: La Cours Vej 4 | H21: 2000 | I21: Frederiksberg | J21: FS - Leif Nielsen/Emil/Juan | L21: Boliger | M21: =(20+20+4)/52 -> 0.84615385 | N21: =10/52 -> 0.19230769 | O21: 0 | P21: 0 | Q21: =2125 -> 2125 | T21: JA | V21: 1
A22: LPN | B22: PKA | C22: 11 | D22: 444 | E22: 1 | G22: Godthåbsvej 70 - 72/Nordre Fasanvej 83 | H22: 2000 | I22: Frederiksberg | J22: FS - Leif Nielsen/Emil/Juan | L22: Boliger | M22: =(77+375+25)/52 -> 9.1730769 | N22: 0 | O22: 0 | P22: 0 | Q22: =8500 -> 8500 | T22: JA | V22: 1
A23: LPN | B23: PKA | C23: 11 | D23: 494 | E23: 1 | F23: Dalgas Have | G23: Dalgas Have 1 - 3/Dalgas Have 27 - 29/Dalgas Have 2 - 76 | H23: 2000 | I23: Frederiksberg | J23: FS - Leif Nielsen/Emil/Juan | L23: Boliger | M23: =(2577+1866+95+400)/52 -> 94.961538 | N23: =1178/52 -> 22.653846 | O23: =600/52 -> 11.538462 | P23: 0 | Q23: =103275 -> 103275 | T23: JA | V23: 1
A24: LPN | B24: PKA | C24: 11 | D24: 502 | E24: 1 | G24: Gammel Kongevej 98 | H24: 1850 | I24: Frederiksberg C | J24: FS - Leif Nielsen/Emil/Juan | L24: Boliger | M24: =(75+125+4)/52 -> 3.9230769 | N24: 0 | O24: 0 | P24: 0 | Q24: =2550 -> 2550 | T24: JA | V24: 1
A25: LPN | B25: PKA | C25: 11 | D25: 519 | E25: 1 | G25: Falkoner Allé 53 - 55 | H25: 2000 | I25: Frederiksberg | J25: FS - Leif Nielsen/Emil/Juan | L25: Boliger | M25: =(75+200+28)/52 -> 5.8269231 | N25: 0 | O25: 0 | P25: 0 | Q25: =16575 -> 16575 | T25: JA | V25: 1
A26: LPN | B26: PKA | C26: 11 | D26: 784 | E26: 1 | G26: Gammel Kongevej 178/Falkoner Allé 2-4 | H26: 1850 | I26: Frederiksberg C | J26: FS - Leif Nielsen/Emil/Juan | L26: Boliger | M26: =(55+160+18)/52 -> 4.4807692 | N26: =15/52 -> 0.28846154 | O26: 0 | P26: 0 | Q26: =5100 -> 5100 | T26: JA | V26: 1
A27: LPN | B27: PKA | C27: 11 | D27: 152 | E27: 1 | G27: Løngangsstræde 23 | H27: 1468 | I27: København K | J27: FS - Maj-Britt Larsen | L27: Boliger | M27: =(100+215+4)/52 -> 6.1346154 | N27: 1.3846154 | O27: 0 | P27: 0 | Q27: =3520 -> 3520 | T27: JA | V27: 1
A28: LPN | B28: PKA | C28: 11 | D28: 328 | E28: 1 | G28: Klerkegade 31 | H28: 1308 | I28: København K | J28: FS - Maj-Britt Larsen | L28: Boliger | M28: =(20+50+4)/52 -> 1.4230769 | N28: =14/52 -> 0.26923077 | O28: 0 | P28: 0 | Q28: =1920 -> 1920 | T28: JA | V28: 1
A29: LPN | B29: PKA | C29: 11 | D29: 401 | E29: 1 | F29: Dronningegården | G29: Dronningens Tværgade 23 - 35/Borgergade 15 | H29: 1302 | I29: København K | J29: FS - Maj-Britt Larsen | L29: Boliger | M29: =(200+550+70+335)/52 -> 22.211538 | N29: 0 | O29: 0 | P29: 0 | Q29: =50240 -> 50240 | T29: JA | V29: 1
A30: LPN | B30: PKA | C30: 11 | D30: 506 | E30: 1 | G30: Kongens Nytorv 24/Store Kongensgade 6 | H30: 1050 | I30: København K | J30: FS - Maj-Britt Larsen | L30: Boliger | M30: =(35+155+7)/52 -> 3.7884615 | N30: 0 | O30: 0 | P30: 0 | Q30: =4480 -> 4480 | T30: JA | V30: 1
A31: LPN | C31: 9 | D31: 469 | E31: 1 | F31: P-lauget Artillerihaven | H31: 2300 | I31: København S | L31: Erhverv | M31: =183/52 -> 3.5192308 | N31: 0 | O31: =16/52 -> 0.30769231 | P31: 0 | Q31: =595 -> 595 | R31: 42036 | T31: JA | V31: 1
A32: LPN | B32: PKA | C32: 11 | D32: 215 | E32: 1 | G32: Nørre Voldgade 90 - 92/Rosenborggade 1, 1130 Kbh. K/Frederiksborggade 8, 1360 Kbh. K | H32: 1358 | I32: København K | J32: Per Johan Christensen | L32: Erhverv | T32: NEJ | U32: Ingen FS | V32: 1
A33: LPN | B33: PKA | C33: 11 | D33: 496 | E33: 1 | F33: PKA - spec byggeudg. | G33: Dalgas Have | H33: 2000 | I33: Frederiksberg | J33: - | L33: Andet | T33: NEJ | U33: Ingen FS | V33: 1

Sheet 1-Patrick
A1: Patrick - 11
A2: GRUPPE 1 - PKA
A3: Antal ejendomme | C3: =K7 -> 34 | J3: Erhverv | K3: =COUNTIFS(L:L,J3) -> 4
A4: Viceværter | J4: Boliger | K4: =COUNTIFS(L:L,J4) -> 30
J5: Grund | K5: =COUNTIFS(L:L,J5) -> 0
A6: Note: | J6: Andet | K6: =COUNTIFS(L:L,J6) -> 0
K7: =SUM(K3:K6) -> 34
M8: Timer pr. uge | P8: Kr/år
A9: DL | B9: Kunde | C9: Selskab | D9: Ejendoms nr | E9: Gruppe | F9: Ejendom | G9: Adresse | H9: Post nr | I9: By | J9: Viceværter | K9: Ny vicevært | L9: Kategori | M9: Vicevært | N9: Gartner | O9: Feje/suge | P9: CTS | Q9: SC | R9: Opstartsdato | S9: Slutdato | T9: FS-aftale | U9: Kommentar | V9: Antal: | W9: PT. DL
A10: PAAN | B10: Ejerforening | C10: 8 | D10: 960 | E10: 1 | F10: Den Overordnede G/F Margretheholm | G10: Margretheholmvej 4 m.fl. | H10: 1432 | I10: København K | J10: FS - Jørn Strenov/Michael Rasmussen | L10: Boliger | M10: =0.1+14.5+0.6 -> 15.2 | N10: =14.3 -> 14.3 | O10: =(4*8)/52 -> 0.61538462 | P10: 0 | Q10: =9800 -> 9800 | R10: 43466 | T10: JA | V10: 1 | W10: BFE
A11: PAAN | B11: Ejerforening | C11: 8 | D11: 965 | E11: 1 | F11: E/F Udsigten Margretheholm | G11: Margretheholmsvej 4 m.fl. | H11: 1432 | I11: København K | J11: FS - Jørn Strenov/Michael Rasmussen | L11: Boliger | M11: =577/52 -> 11.096154 | N11: =179.5/52 -> 3.4519231 | O11: 0 | P11: 0 | Q11: =61830 -> 61830 | R11: 42156 | T11: JA | V11: 1 | W11: BFE
A12: PAAN | B12: Ejerforening | C12: 8 | D12: 967 | E12: 1 | F12: Parkeringslauget Udsigten Margretheholm | G12: Margretheholmsvej 4 m.fl. | H12: 1432 | I12: København K | J12: FS - Jørn Strenov/Michael Rasmussen | L12: Boliger | M12: =149.5/52 -> 2.875 | N12: 0 | O12: =12/52 -> 0.23076923 | P12: 0 | Q12: =20485 -> 20485 | R12: 42217 | T12: JA | V12: 1 | W12: BFE
A13: PAAN | B13: PKA | C13: 11 | D13: 309 | E13: 1 | F13: Konstabelbygningen | G13: Luftmarinegade 1-3 | H13: 1432 | I13: København K | J13: FS - Jørn Strenov/Michael Rasmussen | L13: Boliger | M13: =(450+308+10)/52 -> 14.769231 | N13: =69.5/52 -> 1.3365385 | O13: =26/52 -> 0.5 | P13: =33306.25 -> 33306.25 | Q13: =29400 -> 29400 | R13: 42050 | T13: JA | U13: Scannet FS-aftale siger denne dato - kalkulationer viser en anden, 01/03/2016 | V13: 1 | W13: BFE
A14: PAAN | B14: PKA | C14: 11 | D14: 465 | E14: 1 | F14: Margretheholmen | G14: Margretheholmsvej 4-54 (Nr. 4-54 lejeboliger - Blok 3-6 - 328 lejemål Nr. 56-76 Ejerlej. - Blok 1 - 2) | H14: 1432 | I14: København K | J14: FS - Jørn Strenov/Michael Rasmussen | L14: Boliger | M14: =312/52 -> 6 | N14: 0 | O14: 0 | P14: 0 | Q14: =127400 -> 127400 | R14: 42217 | T14: JA | V14: 1 | W14: BFE
A15: PAAN | B15: PKA | C15: 11 | D15: 105 | E15: 1 | F15: Soldalen | G15: Kastrupvej 113-117/Syriensvej 8-12/Persiensvej 2/Kastrupvej 113-117 | H15: 2300 | I15: København S | J15: Jakob Ståhl Mortensen -Michael Nedergaard | L15: Boliger | M15: =2.9+5.4 -> 8.3 | N15: 2.6 | O15: 0 | P15: 0 | Q15: =35700 -> 35700 | R15: 43084 | T15: JA | V15: 1 | W15: BFE
A16: PAAN | B16: PKA | C16: 11 | D16: 446 | E16: 1 | F16: Amagerbrogade 193-195 | G16: Amagerbrogade 193-195/Smyrnavej 2-4 | H16: 2300 | I16: København S | J16: Michael Nedergaard | L16: Boliger | M16: =1.2+2.5 -> 3.7 | N16: 0.3 | O16: 0 | P16: 0 | Q16: =18900 -> 18900 | R16: 43084 | T16: JA | V16: 1 | W16: BFE
A17: PAAN | B17: PKA | C17: 11 | D17: 728 | E17: 1 | G17: Hallandsgade 2-8/Amagerbrogade 38 | H17: 2300 | I17: København S | J17: Michael Nedergaard | L17: Boliger | M17: =(27+137+4+52)/52 -> 4.2307692 | N17: 0 | O17: 0 | P17: 0 | Q17: =3060 -> 3060 | T17: JA | V17: 1 | W17: BFE
A18: PAAN | B18: E/F | C18: 800 | D18: 100 | E18: 1 | F18: E/F Quintus Bastion | G18: Krudtløbsvej 10-36 | H18: 1436 | I18: København K | J18: Michael Rasmussen | L18: Boliger | M18: =0.7+3.4+0.3 -> 4.4 | N18: 3.9 | O18: 0 | P18: 0 | Q18: =9324 -> 9324 | R18: 43862 | T18: JA | V18: 1
A19: PAAN | B19: PKA | C19: 11 | D19: 492 | E19: 1 | F19: Stationsvej 4-8 | G19: Stationsvej 4-8/Frederiksborgvej 28 | H19: 3650 | I19: Ølstykke | J19: Ole Jensen | L19: Boliger | M19: =(72+70+14)/52 -> 3 | N19: =70/52 -> 1.3461538 | O19: 0 | P19: 0 | Q19: =8160 -> 8160 | R19: 42036 | T19: JA | V19: 1
A20: PAAN | B20: PKA | C20: 11 | D20: 134 | E20: 1 | F20: Rådyrvænget | G20: Rådyrvænget 1, 10-14, 24-28 & 36-40 | H20: 3450 | I20: Allerød | J20: FS - kun flyttesyn+grønt | L20: Boliger | M20: =(30+4)/52 -> 0.65384615 | N20: =70/52 -> 1.3461538 | O20: 0 | P20: 0 | Q20: =3400 -> 3400 | R20: 42979 | T20: JA | V20: 1
A21: PAAN | B21: PKA | C21: 11 | D21: 231 | E21: 1 | F21: Farumhus | G21: Farum Hovedgade 2A-B | H21: 3520 | I21: Farum | J21: Ole Jensen | L21: Erhverv | M21: =(100+200+11)/52 -> 5.9807692 | N21: =200/52 -> 3.8461538 | O21: 0 | P21: 0 | Q21: =18360 -> 18360 | T21: JA | V21: 1
A22: PAAN | B22: PKA | C22: 11 | D22: 271 | E22: 1 | G22: Frederikshave 2 | H22: 3400 | I22: Hillerød | J22: Nita Senning-Larsen | L22: Boliger | M22: =(36+100+11)/52 -> 2.8269231 | N22: =100/52 -> 1.9230769 | O22: =4/52 -> 0.076923077 | P22: 0 | Q22: =6120 -> 6120 | R22: 42979 | T22: JA | V22: 1
A23: PAAN | B23: PKA | C23: 11 | D23: 286 | E23: 1 | G23: Frederikshave 6 - 36 | H23: 3400 | I23: Hillerød | J23: Nita Senning-Larsen | L23: Boliger | M23: =(300+500+42)/52 -> 16.192308 | N23: =500/52 -> 9.6153846 | O23: =6/52 -> 0.11538462 | P23: 0 | Q23: =32640 -> 32640 | R23: 42979 | T23: JA | V23: 1
A24: PAAN | B24: PKA | C24: 11 | D24: 313 | E24: 1 | F24: Hildis Have | G24: Søndre Jernbanevej 25 | H24: 3400 | I24: Hillerød | J24: Nita Senning-Larsen | L24: Boliger | M24: =(300+600+4)/52 -> 17.384615 | N24: =200/52 -> 3.8461538 | O24: 0 | P24: 0 | Q24: 2380 | R24: 43617 | T24: JA | V24: 1
A25: PAAN | B25: PKA | C25: 11 | D25: 319 | E25: 1 | F25: The Hill | G25: Søndre Jernbanevej 31-(vilaen)/Vibekevej 1- 3A - 3E, 5A-5B | H25: 3400 | I25: Hillerød | J25: Carsten Ingolf Christiansen | L25: Boliger | M25: =(300+400+25)/52 -> 13.942308 | N25: =200/52 -> 3.8461538 | O25: 0 | P25: 0 | Q25: =24140 -> 24140 | R25: 43087 | T25: JA | V25: 1
A26: PAAN | B26: PKA | C26: 11 | D26: 364 | E26: 1 | G26: Milnersvej 13 A + B | H26: 3400 | I26: Hillerød | J26: Nita Senning-Larsen | L26: Boliger | M26: =(25+25+4)/52 -> 1.0384615 | N26: 0 | O26: 0 | P26: 0 | Q26: 1020 | R26: 42979 | T26: JA | V26: 1
A27: PAAN | B27: PKA | C27: 11 | D27: 392 | E27: 1 | G27: Farum Hovedgade 14 | H27: 3520 | I27: Farum | J27: Ole Jensen | L27: Erhverv | M27: =(80+4)/52 -> 1.6153846 | N27: 0 | O27: 0 | P27: 0 | Q27: 340 | T27: JA | V27: 1
A28: PAAN | B28: PKA | C28: 11 | D28: 396 | E28: 1 | G28: Jernbanegade 13 - 13 A | H28: 3600 | I28: Frederikssund | J28: Ole Jensen | L28: Boliger | M28: =(40+150+18)/52 -> 4 | N28: 0 | O28: 0 | P28: 0 | Q28: =5780 -> 5780 | T28: JA | V28: 1
A29: PAAN | B29: PKA | C29: 11 | D29: 409 | E29: 1 | F29: Ved Skansebakken | G29: Ved Skansebakken | H29: 3400 | I29: Hillerød | J29: Nita Senning-Larsen | L29: Boliger | M29: =(25+4)/52 -> 0.55769231 | N29: 0 | O29: 0 | P29: 0 | Q29: 4420 | R29: 42979 | T29: JA | V29: 1
A30: PAAN | B30: PKA | C30: 11 | D30: 414 | E30: 2 | G30: Rådyrvænget 3 | H30: 3450 | I30: Allerød | J30: Ole Jensen | L30: Boliger | M30: =(30+4)/52 -> 0.65384615 | N30: =70/52 -> 1.3461538 | O30: 0 | P30: 0 | Q30: =3400 -> 3400 | R30: 42979 | T30: JA | V30: 1
A31: PAAN | B31: PKA | C31: 11 | D31: 454 | E31: 1 | G31: Jernbanegade 31 | H31: 3600 | I31: Frederikssund | J31: Ole Jensen | L31: Boliger | M31: =(4+70+4)/52 -> 1.5 | N31: 0 | O31: 0 | P31: 0 | Q31: 1700 | T31: JA | V31: 1
A32: PAAN | B32: PKA | C32: 11 | D32: 357 | E32: 1 | F32: Hildis Have | G32: Vibekevej 7, Søndre Jernbanevej 25 | H32: 3400 | I32: Hillerød | L32: Boliger | T32: NEJ | U32: Tilsyneladende ingen FS-aftale | V32: 1
A33: PAAN | B33: PKA | C33: 11 | D33: 304 | E33: 1 | G33: Strandvejen 3A - 11E | H33: 3390 | I33: Hundested | J33: Carsten Baltzar | L33: Boliger | T33: NEJ | U33: Ingen FS-aftale - MIC undersøger | V33: 1 | W33: PNI
A34: PAAN | B34: PKA | C34: 11 | D34: 189 | E34: 1 | G34: Lille Ellekongsstræde 1-9/Sct. Mortensgade 12-18 | H34: 3700 | I34: Rønne | J34: Michael Falck | L34: Boliger | T34: NEJ | U34: Tilsyneladende ingen FS-aftale | V34: 1 | W34: PNI
A35: PAAN | B35: PKA | C35: 11 | D35: 425 | E35: 1 | G35: Østergade 42 - 44 | H35: 3700 | I35: Rønne | J35: Michael Falck | L35: Boliger | T35: NEJ | U35: Tilsyneladende ingen FS-aftale | V35: 1
A36: PAAN | B36: PKA | C36: 11 | D36: 154 | E36: 1 | G36: Sophie Brahes Gade 50 | H36: 3000 | I36: Helsingør | J36: Harley Christiansen | L36: Erhverv | M36: =(100+150+4)/52 -> 4.8846154 | N36: =25/52 -> 0.48076923 | O36: 0 | P36: 0 | Q36: =2380 -> 2380 | T36: JA | V36: 1
A37: PAAN | B37: PKA | C37: 11 | D37: 191 | E37: 1 | G37: Sophie Magdelenes Vej 2 B-G | H37: 3460 | I37: Birkerød | J37: Eddie Sarelius | L37: Boliger | M37: =(100+50+21+100)/52 -> 5.2115385 | N37: =100/52 -> 1.9230769 | O37: 0 | P37: 0 | Q37: =7480 -> 7480 | T37: JA | V37: 1
A38: PAAN | B38: PKA | C38: 11 | D38: 193 | E38: 1 | G38: Sophie Magdelenes Vej 3 A-F | H38: 3460 | I38: Birkerød | J38: Eddie Sarelius | L38: Boliger | M38: =(50+100+25+100)/52 -> 5.2884615 | N38: =100/52 -> 1.9230769 | O38: 0 | P38: 0 | Q38: =9180 -> 9180 | T38: JA | V38: 1
A39: PAAN | B39: PKA | C39: 11 | D39: 198 | E39: 1 | G39: Biskop Svanes Vej 71 B - H | H39: 3460 | I39: Birkerød | J39: Eddie Sarelius | L39: Boliger | M39: =(50+100+11)/52 -> 3.0961538 | N39: =110/52 -> 2.1153846 | O39: 0 | P39: 0 | Q39: =3060 -> 3060 | T39: JA | V39: 1
A40: PAAN | B40: PKA | C40: 11 | D40: 199 | E40: 1 | G40: Biskop Svanes Vej 61 A-B | H40: 3460 | I40: Birkerød | J40: Eddie Sarelius | L40: Boliger | M40: =(50+100+18)/52 -> 3.2307692 | N40: =110/52 -> 2.1153846 | O40: 0 | P40: 0 | Q40: =4080 -> 4080 | T40: JA | V40: 1
A41: PAAN | B41: PKA | C41: 11 | D41: 404 | E41: 1 | G41: Sophie Brahes Gade 8-48/Hestemøllestræde 14 | H41: 3000 | I41: Helsingør | J41: Harley Christiansen | L41: Boliger | M41: =(150+250+63)/52 -> 8.9038462 | N41: =150/52 -> 2.8846154 | O41: 0 | P41: 0 | Q41: =31960 -> 31960 | T41: JA | V41: 1
A42: PAAN | B42: PKA | C42: 11 | D42: 490 | E42: 1 | G42: Bakkehave 8-40 | H42: 2970 | I42: Hørsholm | J42: Eddie Sarelius | L42: Boliger | M42: =(350+400+56+150)/52 -> 18.384615 | N42: =250/52 -> 4.8076923 | O42: 0 | P42: 0 | Q42: =44540 -> 44540 | T42: JA | V42: 1
A43: PAAN | B43: PKA | C43: 11 | D43: 160 | E43: 1 | F43: Bredevej | G43: Bredevej 2 | H43: 2830 | I43: Virum | J43: Allan Nymark Andersen | L43: Erhverv | M43: =39+17.9 -> 56.9 | N43: 11 | O43: =16/52 -> 0.30769231 | P43: 0 | Q43: 0 | R43: 43952 | T43: NEJ

Sheet 1-René
A1: René da Silva Mejborn - 16
A2: GRUPPE 1 - PKA
A3: Antal ejendomme | C3: =K7 -> 28 | J3: Erhverv | K3: =COUNTIFS(L:L,J3) -> 3
A4: Viceværter: | J4: Boliger | K4: =COUNTIFS(L:L,J4) -> 25
A5: NYT OMRÅDE | J5: Grund | K5: =COUNTIFS(L:L,J5) -> 0
A6: Note: | J6: Andet | K6: =COUNTIFS(L:L,J6) -> 0
K7: =SUM(K3:K6) -> 28
M8: Timer pr. uge | P8: Kr/år
A9: DL | B9: Kunde | C9: Selskab | D9: Ejendoms nr | E9: Gruppe | F9: Ejendom | G9: Adresse | H9: Post nr | I9: By | J9: Viceværter | K9: Ny vicevært | L9: Kategori | M9: Vicevært | N9: Gartner | O9: Feje/suge | P9: CTS | Q9: SC | R9: Opstartsdato | S9: Slutdato | T9: FS-aftale | U9: Kommentar | V9: Antal: | W9: PT. DL
A10: RSM | B10: PKA | C10: 11 | D10: 103 | E10: 1 | G10: Linde Allé 28 A + B | H10: 2720 | I10: Vanløse | J10: FS - Helge Madsen/Martin Boy | L10: Boliger | M10: =(100+40+18)/52 -> 3.0384615 | N10: =15/52 -> 0.28846154 | O10: 0 | P10: 0 | Q10: =7650 -> 7650 | R10: 41518 | T10: JA | V10: 1
A11: RSM | B11: PKA | C11: 11 | D11: 104 | E11: 1 | G11: Stilledal 21-33 | H11: 2720 | I11: Vanløse | J11: FS - Helge Madsen/Martin Boy | L11: Boliger | M11: =(125+350+21)/52 -> 9.5384615 | N11: =136/52 -> 2.6153846 | O11: 0 | P11: =2961.4 -> 2961.4 | Q11: =4250 -> 4250 | R11: 41518 | T11: JA | V11: 1
A12: RSM | B12: PKA | C12: 11 | D12: 114 | E12: 1 | G12: Voldumvej 71 - 79 | H12: 2610 | I12: Rødovre | J12: FS - Helge Madsen/Martin Boy | L12: Boliger | M12: =0.971153846153846+5.05769230769231+0.0576923076923077 -> 6.0865385 | N12: 2.25 | O12: 0.038461538 | P12: 0 | Q12: =22400 -> 22400 | R12: 43009 | T12: JA | V12: 1
A13: RSM | B13: PKA | C13: 11 | D13: 350 | E13: 1 | F13: Svanehusene - Irmabyen, Byggefelt 8 | G13: Kaffevej 6-10 og 15-21 | H13: 2610 | I13: Rødovre | J13: FS - Martin Boy | L13: Boliger | M13: 37 | N13: 0 | O13: 0 | P13: 0 | Q13: =30275 -> 30275 | R13: 43344 | S13: 43708 | T13: JA | U13: Antal VV timer ændres. 37 t/uge 1. år, 32 t/uge 2. år, 27,5 t/uge 3. år | V13: 1
A14: RSM | B14: PKA | C14: 11 | D14: 350 | E14: 1 | L14: Boliger | M14: 32 | N14: 0 | O14: 0 | P14: 0 | Q14: =30275 -> 30275 | R14: 43709 | S14: 44074 | T14: JA | U14: 2. drfitsår
A15: RSM | B15: PKA | C15: 11 | D15: 350 | E15: 1 | L15: Boliger | M15: 27.5 | N15: 0 | O15: 0 | P15: 0 | Q15: =30275 -> 30275 | R15: 44075 | T15: JA | U15: 3. driftsår og fremad
A16: RSM | B16: PKA | C16: 11 | D16: 448 | E16: 1 | G16: Rødovrevej 124 A - 132/Voldumvej 9 - 17 | H16: 2610 | I16: Rødovre | J16: FS - Helge Madsen/Martin Boy | L16: Boliger | M16: =1.5+6.7+0.1 -> 8.3 | N16: 4.4 | O16: =10/52 -> 0.19230769 | P16: 0 | Q16: =32900 -> 32900 | R16: 43009 | T16: JA | V16: 1
A17: RSM | B17: PKA | C17: 11 | D17: 449 | E17: 1 | G17: Ålekistevej 81-87 | H17: 2720 | I17: Vanløse | J17: FS - Helge Madsen/Martin Boy | L17: Boliger | M17: =(150+150+14)/52 -> 6.0384615 | N17: =61/52 -> 1.1730769 | O17: 0 | P17: 0 | Q17: 14450 | R17: 41518 | T17: JA | V17: 1
A18: RSM | B18: PKA | C18: 11 | D18: 450 | E18: 1 | G18: Hyltebjerg Allé 32 A - 34 B | H18: 2720 | I18: Vanløse | J18: FS - Helge Madsen/Martin Boy | L18: Boliger | M18: =(100+150+35)/52 -> 5.4807692 | N18: =76/52 -> 1.4615385 | O18: 0 | P18: 0 | Q18: 18700 | R18: 41518 | T18: JA | V18: 1
A19: RSM | B19: By & Havn | C19: 183 | D19: 100 | E19: 1 | F19: Riffelsyndikatet | G19: Southamptongade 4, 1. sal | H19: 2150 | I19: Nordhavn | J19: FS - Tonny L. Hansen/Henrik Kann Jessen | L19: Erhverv | T19: NEJ | U19: Tilsyneladende ingen FS aftale - Aftalen ligger på 8-249 - E/F Riffelsyndikatet | V19: 1
A20: RSM | B20: PKA | C20: 11 | D20: 101 | E20: 1 | F20: Asgården | G20: Valkyriegade 2 - 36/Brynhildegade 12/Haraldsgade 11 | H20: 2200 | I20: København N | J20: FS - Tom P - Michael A - Jan D | L20: Boliger | M20: =(525+700+42)/52 -> 24.365385 | N20: 0.86538462 | O20: 0 | P20: 0 | Q20: =55760 -> 55760 | T20: JA | V20: 1
A21: RSM | B21: PKA | C21: 11 | D21: 115 | E21: 1 | G21: Bjelkes Allé 23 - 35 | H21: 2200 | I21: København N | J21: FS - Tom P - Michael A - Jan D | L21: Boliger | M21: =(300+200+35)/52 -> 10.288462 | N21: =100/52 -> 1.9230769 | O21: 0 | P21: 0 | Q21: =27540 -> 27540 | T21: JA | V21: 1
A22: RSM | B22: PKA | C22: 11 | D22: 141 | E22: 1 | F22: Sygeplejerskernes Hus | G22: Sjællandsgade 59 A-C/Fensmarkgade 1-3/Sjællandsgade 61 A-C/Sjællandsgade 63-69 | H22: 2200 | I22: København N | J22: FS - Tom P - Michael A - Jan D | L22: Boliger | M22: =(500+633+35)/52 -> 22.461538 | N22: =192/52 -> 3.6923077 | O22: 0 | P22: 0 | Q22: =45220 -> 45220 | T22: JA | V22: 1
A23: RSM | B23: PKA | C23: 11 | D23: 165 | E23: 1 | G23: Frederikssundsvej 9/Svanevej 1-3 | H23: 2400 | I23: København NV | J23: FS - Tom P - Michael A - Jan D | L23: Boliger | M23: =(50+175+7)/52 -> 4.4615385 | N23: 0 | O23: 0 | P23: 0 | Q23: =5780 -> 5780 | T23: JA | V23: 1
A24: RSM | B24: PKA | C24: 11 | D24: 367 | E24: 1 | G24: Bomhusvej 6-14 | H24: 2100 | I24: København Ø | J24: FS - Tom P - Michael A - Jan D | L24: Boliger | M24: =(250+100+35+100+12)/52 -> 9.5576923 | N24: =200/52 -> 3.8461538 | O24: 0 | P24: 0 | Q24: =13260 -> 13260 | T24: JA | V24: 1
A25: RSM | B25: PKA | C25: 11 | D25: 430 | E25: 1 | G25: Hørsholmsgade 4-8 | H25: 2200 | I25: København N | J25: FS - Tom P - Michael A - Jan D | L25: Boliger | M25: =(70+70)/52 -> 2.6923077 | N25: 0 | O25: 0 | P25: 0 | Q25: =8160 -> 8160 | T25: JA | V25: 1
A26: RSM | B26: PKA | C26: 11 | D26: 786 | E26: 1 | F26: Lynggården | G26: Rovsingsgade 17-29/Borthigsgade 16-22 | H26: 2101 | I26: København Ø | J26: FS - Tom P - Michael A - Jan D | L26: Boliger | M26: =(312+425+53)/52 -> 15.192308 | N26: =117/52 -> 2.25 | O26: 0 | P26: 0 | Q26: =37400 -> 37400 | T26: JA | V26: 1
A27: RSM | B27: Ejerforening | C27: 8 | D27: 249 | E27: 1 | F27: E/F Riffelsyndikatet | G27: Southhamptongade 2 | H27: 2150 | I27: Nordhavn | J27: FS - Tonny L. Hansen/Henrik Kann Jessen | L27: Boliger | M27: =5.53846153846154+4.48076923076923 -> 10.019231 | N27: 0 | O27: 0 | P27: =(30000+21600) -> 51600 | Q27: 0 | R27: 43497 | T27: JA | V27: 1
A28: RSM | B28: Ejerforening | C28: 8 | D28: 613 | E28: 1 | F28: E/F Sandkaj no. 1 | G28: Trelleborggade 2-6 | H28: 2150 | I28: Nordhavn | J28: FS - Tonny L. Hansen/Henrik Kann Jessen | L28: Boliger | M28: =0.9+1.7+0.2 -> 2.8 | N28: 0 | O28: 0 | P28: 0 | Q28: =8750 -> 8750 | R28: 43466 | T28: JA | V28: 1
A29: RSM | B29: PKA | C29: 11 | D29: 133 | E29: 1 | F29: Øster fællesgård | G29: Vordingborggade 6 A - K | H29: 2100 | I29: København Ø | J29: FS - Tonny L. Hansen/Henrik Kann Jessen | L29: Boliger | M29: =(1031+2356+70+36)/52 -> 67.173077 | N29: =82/52 -> 1.5769231 | O29: 0 | P29: 0 | Q29: =32300 -> 32300 | T29: JA | V29: 1
A30: RSM | B30: PKA | C30: 11 | D30: 308 | E30: 1 | F30: Sandkaj 21 | G30: Sandkaj 21, Antwerpengade 2-4, Bordeauxgade 1-3, Antwerpengade 2-4 Ystadgade 2 og 6 | H30: 2150 | I30: Nordhavn | J30: FS - Tonny L. Hansen/Henrik Kann Jessen | L30: Boliger | M30: =13.4+11+0.3 -> 24.7 | N30: 1 | O30: 0 | P30: =21600 -> 21600 | Q30: =35350 -> 35350 | R30: 42917 | T30: JA | V30: 1
A31: RSM | B31: PKA | C31: 11 | D31: 507 | E31: 1 | G31: Østerbrogade 68 | H31: 2100 | I31: København Ø | J31: FS - Tonny L. Hansen/Henrik Kann Jessen | L31: Boliger | M31: =(36+62+11)/52 -> 2.0961538 | N31: 0 | O31: 0 | P31: 0 | Q31: =2125 -> 2125 | T31: JA | V31: 1
A32: RSM | B32: PKA | C32: 11 | D32: 773 | E32: 1 | G32: Østerbrogade 74-76 Nordre Frihavnsgade 2-4 Odensegade 3 | H32: 2100 | I32: København Ø | J32: FS - Tonny L. Hansen/Henrik Kann Jessen | L32: Boliger | M32: =(61+125+18)/52 -> 3.9230769 | N32: 0 | O32: 0 | P32: 0 | Q32: =5950 -> 5950 | T32: JA | V32: 1
A33: RSM | B33: PensionDanmark | C33: 87 | D33: 507 | E33: 1 | F33: Gardehusarvej 5 m.fl. | G33: Gardehusarvej 5, Garnisonsvej 2-4, Kasernevej 20 | H33: 4700 | I33: Næstved | J33: Ekstern | L33: Erhverv | M33: =1.2+1.8+0.3 -> 3.3 | N33: 2.3 | O33: 0 | P33: 0 | Q33: =9450 -> 9450 | R33: 43983 | T33: JA | V33: 1
A34: RSM | B34: Ejerforening | C34: 8 | D34: 661 | E34: 1 | F34: E/F Sofievej/Strandvejen | G34: Strandvejen 169-171/Sofievej 2-4 | H34: 2900 | I34: Hellerup | J34: Jan Drejer | L34: Boliger | M34: =2+5.2+0.6 -> 7.8 | N34: 2.2 | O34: =(14+24)/52 -> 0.73076923 | P34: 0 | Q34: =11600 -> 11600 | R34: 43709 | T34: JA | V34: 1
A35: RSM | C35: 11 | D35: 155 | G35: Strandvejen 169-171 | H35: 2900 | I35: Hellerup | J35: Jan Drejer | L35: Erhverv | M35: =(13+150+11)/52 -> 3.3461538 | N35: 0 | O35: 0 | P35: 0 | Q35: 4250 | T35: JA | V35: 1
A36: RSM | C36: 11 | D36: 159 | G36: Bryggertorvet 2-6, Strandvejen 62-68 m.fl. | H36: 2900 | I36: Hellerup | J36: Jan Drejer, Tom Petersen, Michael Andersen | L36: Boliger | M36: =93/52 -> 1.7884615 | N36: 0 | O36: 0 | P36: 0 | Q36: =6317.5 -> 6317.5 | R36: 42036 | T36: JA | V36: 1
A37: RSM | C37: 11 | D37: 395 | F37: Solgården | G37: Rebekkavej 59 m.fl. | H37: 2900 | I37: Hellerup | J37: Jan Drejer, Tom Petersen, Michael Andersen | L37: Boliger | M37: =(7+4)/52 -> 0.21153846 | N37: 0 | O37: 0 | P37: 0 | Q37: 850 | T37: JA | V37: 1

Sheet 2-Thomas
A1: Thomas Olsen - 20
A2: GRUPPE 2 -
A3: Antal ejendomme | C3: =K7 -> 45 | J3: Erhverv | K3: =COUNTIFS(L:L,J3) -> 12
A4: Viceværter: | J4: Boliger | K4: =COUNTIFS(L:L,J4) -> 29
A5: Note: | J5: Grund | K5: =COUNTIFS(L:L,J5) -> 0
J6: Andet | K6: =COUNTIFS(L:L,J6) -> 4
K7: =SUM(K3:K6) -> 45
M8: Timer pr. uge | P8: Kr/år
A9: DL | B9: Kunde | C9: Selskab | D9: Ejendoms nr | E9: Gruppe | F9: Ejendom | G9: Adresse | H9: Post nr | I9: By | J9: Viceværter | K9: Ny vicevært | L9: Kategori | M9: Vicevært | N9: Gartner | O9: Feje/suge | P9: CTS | Q9: SC | R9: Opstartsdato | S9: Slutdato | T9: FS-aftale | U9: Kommentar | V9: Antal: | W9: PT. DL
A10: THOL | B10: Ejerforening | C10: 8 | D10: 150 | E10: 2 | F10: E/F Tøjhus Have | G10: Myggenæsgade 3-11 | H10: 2300 | I10: København S | J10: Michael Thaysen | L10: Boliger | T10: NEJ | U10: Ligger under "tabte" sager i tilbud | V10: 1
A11: THOL | B11: Ejerforening | C11: 8 | D11: 291 | E11: 2 | F11: E/F Kronborg Strand I | G11: Strandpromenaden 37-49 | H11: 3000 | I11: Helsingør | J11: FS - Jan Hemmersam | L11: Boliger | M11: =0.980769230769231+0.269230769230769 -> 1.25 | N11: 0 | O11: 0 | P11: 0 | Q11: =7350 -> 7350 | R11: 43770 | T11: JA | V11: 1
A12: THOL | B12: Ejerforening | C12: 8 | D12: 293 | E12: 2 | F12: G/F Kronborg Strand | G12: Strandpromenaden 17-67 | H12: 3000 | I12: Helsingør | J12: FS - Jan Hemmersam | L12: Andet | M12: 5.4230769 | N12: 0 | O12: 0 | P12: 0 | Q12: =9100 -> 9100 | R12: 43770 | T12: JA | V12: 1
A13: THOL | B13: Ejerforening | C13: 8 | D13: 351 | E13: 2 | F13: E/F Holbæk fjordtårn | G13: Isefjords Allé 13-15 | H13: 4300 | I13: Holbæk | J13: FS - Jan Hemmersam | L13: Boliger | M13: =1.68307692307692+4.20192307692308 -> 5.885 | N13: 0 | O13: 0 | P13: 0 | Q13: =15050 -> 15050 | R13: 43794 | T13: JA | V13: 1
A14: THOL | B14: Ejerforening | C14: 8 | D14: 359 | E14: 2 | F14: E/F Flintholm Have | G14: Preben Kaas Vænge 2-8, Flintholm Allé 20, Dirch Passers Allé 17-27 Flintholm Allé 20-26 | H14: 2000 | I14: Frederiksberg | J14: FS - Simon Lyster | L14: Boliger | M14: =1.44230769230769+6.57692307692308 -> 8.0192308 | N14: 3.8365385 | O14: 0 | P14: 0 | Q14: =15050 -> 15050 | R14: 43040 | T14: JA | V14: 1
A15: THOL | B15: Ejerforening | C15: 8 | D15: 404 | E15: 2 | F15: E/F Vodroffsvej 2 A-B | G15: Vodroffsvej 2 A-B | H15: 1900 | I15: Frederiksberg C | J15: Glad Ejendomsservice | L15: Boliger | T15: NEJ | U15: Ligger under "tabte" sager i tilbud | V15: 1
A16: THOL | B16: Ejerforening | C16: 8 | D16: 603 | E16: 2 | F16: E/F Revyhaven | G16: Dirch Passers Allé 3-15, Elga Olgas Vej 1-3 | H16: 2000 | I16: Frederiksberg | J16: FS - Simon Lyster | L16: Boliger | M16: =436.25/52 -> 8.3894231 | N16: =205.5/52 -> 3.9519231 | O16: =8/52 -> 0.15384615 | P16: 0 | Q16: =13095 -> 13095 | R16: 41988 | T16: NEJ | V16: 1
A17: THOL | B17: Balsløw | C17: 9 | D17: 140 | E17: 2 | F17: Bondebyerne Hellerup Havnepalæ A/S | G17: Jomsborgvej 37-41 | H17: 2900 | I17: Hellerup | J17: - | L17: Andet | T17: NEJ | U17: Ligger under en ejendomsoversigt, men ingen kalkulationer | V17: 1
A18: THOL | B18: Balsløw | C18: 9 | D18: 141 | E18: 2 | F18: Bondebyerne | G18: Asylgade 8 | H18: 2800 | I18: Kgs. Lyngby | J18: Lars Nielsen | L18: Boliger | T18: NEJ | U18: Ligger under en ejendomsoversigt, men ingen kalkulationer | V18: 1
A19: THOL | B19: Balsløw | C19: 9 | D19: 142 | E19: 2 | F19: Bondebyerne | G19: Toftegærdet 25 A-B | H19: 2800 | I19: Kgs. Lyngby | J19: Lars Nielsen | L19: Boliger | T19: NEJ | U19: Ligger under en ejendomsoversigt, men ingen kalkulationer | V19: 1
A20: THOL | B20: Balsløw | C20: 9 | D20: 143 | E20: 2 | F20: Bondebyerne | G20: Peter Lunds Vej 10-12 A-B | H20: 2800 | I20: Kgs. Lyngby | J20: Lars Nielsen | L20: Boliger | T20: NEJ | U20: Ligger under en ejendomsoversigt, men ingen kalkulationer | V20: 1
A21: THOL | B21: Balsløw | C21: 9 | D21: 144 | E21: 2 | F21: Bondebyerne | G21: Asylgade 4/Nørregade 3A | H21: 2800 | I21: Kgs. Lyngby | J21: Lars Nielsen | L21: Boliger | M21: =(10+6.5+2.5)/52 -> 0.36538462 | N21: 0 | O21: 0 | P21: 0 | Q21: 0 | R21: 43891 | T21: NEJ | V21: 1
A22: THOL | B22: Balsløw | C22: 9 | D22: 145 | E22: 2 | F22: Bondebyerne | G22: Asylgade 6 | H22: 2800 | I22: Kgs. Lyngby | J22: Lars Nielsen | L22: Boliger | M22: 0.36538462 | N22: 0 | O22: 0 | P22: 0 | Q22: 0 | R22: 43891 | T22: NEJ | V22: 1
A23: THOL | B23: Balsløw | C23: 9 | D23: 146 | E23: 2 | F23: HHP Ejendomme 2 ApS, bondebyerne | G23: Jomsborgvej 41 st. | H23: 2900 | I23: Hellerup | J23: - | L23: Andet | T23: NEJ | U23: Ligger under en ejendomsoversigt, men ingen kalkulationer | V23: 1
A24: THOL | B24: Balsløw | C24: 9 | D24: 553 | E24: 2 | F24: Hellerup Havnepalæ A/S | G24: Jomsborgvej 37-41 | H24: 2900 | I24: Hellerup | J24: Exact Ejendomsservice | L24: Boliger | M24: 0.85576923 | N24: 0 | O24: 0 | P24: 0 | Q24: 0 | R24: 43891 | T24: NEJ | V24: 1
A25: THOL | B25: Balsløw | C25: 9 | D25: 555 | E25: 2 | F25: J.C.B.Hellerup Leasing ApS | G25: Hellerupvej 8 | H25: 2900 | I25: Hellerup | J25: - | L25: Erhverv | T25: NEJ | U25: Ligger under en ejendomsoversigt, men ingen kalkulationer | V25: 1
A26: THOL | B26: Balsløw | C26: 9 | D26: 556 | E26: 2 | F26: Hellerupvej 8, Jens Balsløw | G26: Hellerupvej 8 | H26: 2900 | I26: Hellerup | J26: - | L26: Erhverv | T26: NEJ | U26: Ligger under en ejendomsoversigt, men ingen kalkulationer | V26: 1
A27: THOL | B27: Balsløw | C27: 9 | D27: 559 | E27: 2 | F27: HHP Ejendomme ApS | G27: Viktoriagade 16 og 16 C | H27: 1655 | I27: København V | J27: Exact Ejendomsservice | L27: Boliger | M27: 0.52884615 | N27: 0 | O27: 0 | P27: 0 | Q27: 0 | R27: 43891 | T27: NEJ | V27: 1
A28: THOL | B28: AP Pension | C28: 13 | D28: 404 | E28: 2 | G28: Vodroffsvej 2 A-B | H28: 1900 | I28: Frederiksberg C | J28: - | L28: Boliger | M28: 0 | N28: 0 | O28: 0 | P28: 0 | Q28: =3850 -> 3850 | R28: 42552 | T28: JA | U28: Tvivl om opstartsdato | V28: 1
A29: THOL | B29: AP Pension | C29: 13 | D29: 410 | E29: 2 | G29: Vallensbækvej 51-53 | H29: 2605 | I29: Brøndby | J29: - | L29: Boliger | T29: NEJ | U29: Tilsyneladende ingen FS-aftale | V29: 1
A30: THOL | B30: AP Pension | C30: 13 | D30: 516 | E30: 2 | F30: Lindegårdsvej | G30: Lindegårdsvej 38 A | H30: 2920 | I30: Charlottenlund | J30: Ejendomsservice Kurt Svendsen | L30: Boliger | T30: NEJ | U30: Tilsyneladende ingen FS-aftale | V30: 1
A31: THOL | B31: AP Pension | C31: 13 | D31: 520 | E31: 2 | G31: Østbanegade 135/Århusgade 112 | H31: 2100 | I31: København Ø | J31: Henning L. Culmsee | L31: Erhverv | T31: NEJ | U31: Tilsyneladende ingen FS-aftale | V31: 1
A32: THOL | B32: AP Pension | C32: 13 | D32: 522 | E32: 2 | G32: Priorparken 470 | H32: 2605 | I32: Brøndby | J32: - | L32: Erhverv | T32: NEJ | U32: Tilsyneladende ingen FS-aftale | V32: 1
A33: THOL | B33: AP Pension | C33: 13 | D33: 523 | E33: 2 | F33: Montebello | G33: Gurrevej 90/Gurrevej 90 A - C | H33: 3000 | I33: Helsingør | J33: Kim Pedersen | L33: Erhverv | T33: NEJ | U33: Tilsyneladende ingen FS-aftale | V33: 1
A34: THOL | B34: AP Pension | C34: 13 | D34: 524 | E34: 2 | F34: Fejøgade | G34: Fejøgade 1/Strandgade 24 | H34: 4800 | I34: Nykøbing F | J34: Rask El Service | L34: Erhverv | T34: NEJ | U34: Tilsyneladende ingen FS-aftale | V34: 1
A35: THOL | B35: AP Pension | C35: 13 | D35: 525 | E35: 2 | G35: Sydvestvej 15-23 | H35: 2600 | I35: Glostrup | J35: Tjek Bygningsservice | L35: Erhverv | T35: NEJ | U35: Tilsyneladende ingen FS-aftale | V35: 1
A36: THOL | B36: AP Pension | C36: 13 | D36: 535 | E36: 2 | G36: Strødamvej 52 | H36: 2100 | I36: København Ø | J36: - | L36: Erhverv | T36: NEJ | U36: Tilsyneladende ingen FS-aftale | V36: 1
A37: THOL | B37: AP Pension | C37: 13 | D37: 536 | E37: 2 | G37: Greve Main 21 | H37: 2670 | I37: Greve | J37: - | L37: Erhverv | T37: NEJ | U37: Tilsyneladende ingen FS-aftale | V37: 1
A38: THOL | B38: AP Pension | C38: 13 | D38: 540 | E38: 2 | G38: Buddingevej 193 - 195 | H38: 2860 | I38: Søborg | J38: Uno X Brian Petersen | L38: Erhverv | T38: NEJ | U38: Tilsyneladende ingen FS-aftale | V38: 1
A39: THOL | B39: AP Pension | C39: 13 | D39: 552 | E39: 2 | G39: Borgmester Christiansens Gade 55 | H39: 2450 | I39: København SV | J39: - | L39: Erhverv | T39: NEJ | U39: Tilsyneladende ingen FS-aftale | V39: 1
A40: THOL | B40: AP Pension | C40: 13 | D40: 560 | E40: 2 | F40: Tårnby Torv | G40: Tårnby Torv 3 | H40: 2770 | I40: Kastrup | J40: Rygges Multiservice | L40: Erhverv | T40: NEJ | U40: Tilsyneladende ingen FS-aftale | V40: 1
A41: THOL | B41: AP Pension | C41: 13 | D41: 810 | E41: 2 | F41: Holbæk Fjordtårn | G41: Isefjords Allé 13-15 | H41: 4300 | I41: Holbæk | J41: FS - Jan Hemmersam | L41: Boliger | M41: 0.46153846 | N41: 0 | O41: 0 | P41: 0 | Q41: =7350 -> 7350 | R41: 43794 | T41: JA | V41: 1
A42: THOL | B42: Pædagogernes Pension | C42: 30 | D42: 137 | E42: 2 | F42: Skotlands Plads | G42: Skotlands Plads 2-12 | H42: 2300 | I42: København S | J42: Jan Køhlert | L42: Boliger | T42: NEJ | U42: Tilsyneladende ingen FS-aftale | V42: 1
A43: THOL | B43: Pædagogernes Pension | C43: 30 | D43: 143 | E43: 2 | F43: Lindebo | G43: Ålekistevej 42-56 | H43: 2720 | I43: Vanløse | J43: Michael Aggergaard | L43: Boliger | T43: NEJ | U43: Tilsyneladende ingen FS-aftale | V43: 1
A44: THOL | B44: Pædagogernes Pension | C44: 30 | D44: 150 | E44: 2 | F44: Tøjhus Have | G44: Myggenæsgade 3-11 | H44: 2300 | I44: København S | J44: Michael Thaysen | L44: Boliger | M44: 3 | N44: 0 | O44: 0 | P44: 0 | Q44: 24500 | R44: 43160 | T44: NEJ | U44: Ligger under "tabte" sager i tilbud | V44: 1
A45: THOL | B45: Pædagogernes Pension | C45: 30 | D45: 151 | E45: 2 | G45: Kløvermarken 1-34 og 36-41 | H45: 4330 | I45: Hvalsø | J45: Ole Schou Madsen | L45: Boliger | T45: NEJ | U45: Ligger under "parkeret" sager i tilbud | V45: 1
A46: THOL | B46: Pædagogernes Pension | C46: 30 | D46: 201 | E46: 2 | F46: Flintholm Have P/S | G46: Flintholm Allé 20, Preben Kaas Vænge 2-8, Flintholm Allé 20-24, Preben Kaas' Vænge 2-8, Dirch Passers Allé 17-25 | H46: 2000 | I46: Frederiksberg | J46: FS - Simon Lyster | L46: Boliger | M46: 2.5 | N46: 0 | O46: 0 | P46: 0 | Q46: =24500 -> 24500 | R46: 43040 | T46: JA | V46: 1
A47: THOL | B47: Pædagogernes Pension | C47: 30 | D47: 205 | E47: 2 | F47: Kronborg Strand | G47: Strandpromenaden 37-49, 17-35, 51-67 | H47: 3000 | I47: Helsingør | J47: FS - Simon Lyster | L47: Boliger | M47: =11.5+9.32692307692308+1.73076923076923 -> 22.557692 | N47: 0 | O47: 0 | P47: 0 | Q47: =43050 -> 43050 | R47: 43770 | T47: JA | V47: 1
A48: THOL | B48: Pædagogernes Pension | C48: 30 | D48: 209 | E48: 2 | F48: Ejendomsudvikling Rådhus Have P/S | G48: Nordmarks Allé | H48: 2620 | I48: Albertslund | J48: - | L48: Andet | T48: NEJ | U48: Tilsyneladende ingen FS-aftale | V48: 1
A49: THOL | B49: PensionDanmark | C49: 87 | D49: 701 | E49: 2 | F49: Køge Kyst | G49: Søndre Molevej | H49: 4600 | I49: Køge | L49: Boliger | M49: =7.36538461538461+3.76923076923077+0.230769230769231 -> 11.365385 | N49: 5.375 | O49: 0 | P49: 0 | Q49: =30772 -> 30772 | R49: 43905 | T49: JA | V49: 1
A50: THOL | B50: Færch Fonden | C50: 134 | D50: 110 | E50: 2 | F50: Blegdamsgården | G50: Blegdamsvej 74 A-F | H50: 2100 | I50: København Ø | J50: Exact Ejendomsservice | L50: Boliger | T50: NEJ | U50: Tilsyneladende ingen FS-aftale | V50: 1
A51: THOL | B51: Færch Fonden | C51: 134 | D51: 111 | E51: 2 | F51: Borgergade 30-42 m.fl. | G51: Borgergade 30-42 /Hindegade 11 | H51: 1300 | I51: København K | J51: Jens Nortoft | L51: Boliger | T51: NEJ | U51: Tilsyneladende ingen FS-aftale | V51: 1
A52: THOL | B52: PFA | C52: 152 | D52: 117 | E52: 2 | F52: Enggården, Køge | G52: Strandpassagen 3A, Strandpassagen 3A-H | H52: 4600 | I52: Køge | L52: Boliger | M52: =5.61538461538461+3.46153846153846+0.346153846153846 -> 9.4230769 | N52: 4.25 | O52: 0 | P52: 0 | Q52: =30772 -> 30772 | R52: 43891 | T52: JA | V52: 1
A53: THOL | B53: TDC pension | C53: 170 | D53: 101 | E53: 2 | F53: STØBERIET | G53: Støberigade 8 | H53: 2450 | I53: København SV | J53: Lars Nielsen | L53: Boliger | R53: 42339 | T53: NEJ | U53: Kun snerydning - ingen kalkulationer | V53: 1
A54: THOL | B54: FS ØST | C54: 800 | D54: 97 | E54: 2 | F54: Formeriet | G54: Teglholm Tværvej | H54: 2450 | I54: København SV | J54: Lars Nielsen | L54: Boliger | T54: NEJ | V54: 1

Sheet 2-Martin
A1: Martin Kjærsgaard - 6
A2: GRUPPE 2 -
A3: Antal ejendomme | C3: =K7 -> 37 | J3: Erhverv | K3: =COUNTIFS(L:L,J3) -> 0
A4: Viceværter: | J4: Boliger | K4: =COUNTIFS(L:L,J4) -> 35
A5: Note: | J5: Grund | K5: =COUNTIFS(L:L,J5) -> 0
J6: Andet | K6: =COUNTIFS(L:L,J6) -> 2
K7: =SUM(K3:K6) -> 37
M8: Timer pr. uge | P8: Kr/år
A9: DL | B9: Kunde | C9: Selskab | D9: Ejendoms nr | E9: Gruppe | F9: Ejendom | G9: Adresse | H9: Post nr | I9: By | J9: Viceværter | K9: Ny vicevært | L9: Kategori | M9: Vicevært | N9: Gartner | O9: Feje/suge | P9: CTS | Q9: SC | R9: Opstartsdato | S9: Slutdato | T9: FS-aftale | U9: Kommentar | V9: Antal: | W9: PT. DL
A10: MKJ | B10: Sampension | C10: 20 | D10: 214 | E10: 2 | F10: Hoffmeyersvej 59-69 m.fl. | G10: Hoffmeyersvej 59-69/Roskildevej 72-74/Hoffmeyersvej 59-69 | H10: 2000 | I10: Frederiksberg | J10: FS - Johnny Faigh | L10: Boliger | S10: 30.09.2020 | T10: JA | U10: Kun oversigtskort, ingen FS-aftale eller tilhørende kalkulationer | V10: 1
A11: MKJ | B11: Kraemers legat | C11: 39 | D11: 851 | E11: 2 | G11: Blegdamsvej 126, 126 A, 126 B | H11: 2100 | I11: København Ø | J11: Claus Fonnest | L11: Boliger | T11: NEJ | U11: Ingen FS | V11: 1
A12: MKJ | B12: Kraemers legat | C12: 39 | D12: 852 | E12: 2 | G12: H. C. Ørsteds Vej 66 - 68 | H12: 1879 | I12: Frederiksberg C | J12: Servicefrabrikken Stefan Pokomi | L12: Boliger | T12: NEJ | U12: Ingen FS | V12: 1
A13: MKJ | B13: Kraemers legat | C13: 39 | D13: 853 | E13: 2 | F13: Lyongade 16-20 m.fl. | G13: Lyongade 16-20/Spaniensgade 22/Saltholmvej 1 | H13: 2300 | I13: København S | J13: Claus Fonnest | L13: Boliger | T13: NEJ | U13: Ingen FS | V13: 1
A14: MKJ | B14: Kraemers legat | C14: 39 | D14: 854 | E14: 2 | F14: Nørrebrogade 74 - 76 m.fl. | G14: Meinungsgade 4/Nørrebrogade 74 - 76, 74A | H14: 2200 | I14: København N | J14: Claus Fonnest | L14: Boliger | T14: NEJ | U14: Ingen FS | V14: 1
A15: MKJ | B15: Kraemers legat | C15: 39 | D15: 855 | E15: 2 | G15: Øresundsvej 38 - 44 | H15: 2300 | I15: København S | J15: Claus Fonnest | L15: Boliger | T15: NEJ | U15: Ingen FS | V15: 1
A16: MKJ | B16: Thylander | C16: 41 | D16: 891 | E16: 2 | F16: Haraldsborg | G16: Islands Brygge 15-19/Reykjavikgade 2-4/Thorshavnsgade 26-28/Njalsgade 1 | H16: 2300 | I16: København S | J16: KEH-gruppen | L16: Boliger | M16: 0 | N16: 0 | O16: 0 | P16: 0 | Q16: =(1147.53*12) -> 13770.36 | T16: JA | U16: Kun SC | V16: 1
A17: MKJ | B17: Thylander | C17: 41 | D17: 893 | E17: 2 | G17: C. F. Richs vej 99 - 101 | H17: 2000 | I17: Frederiksberg | J17: KEH-gruppen | L17: Boliger | M17: 0 | N17: 0 | O17: 0 | P17: 0 | Q17: =(1642.78*12) -> 19713.36 | T17: JA | U17: Kun SC | V17: 1
A18: MKJ | B18: Thylander | C18: 41 | D18: 894 | E18: 2 | F18: Munken | G18: Nitivej 9-15/Priorvej 2-8 | H18: 2000 | I18: Frederiksberg | J18: KEH-gruppen | L18: Boliger | M18: 0 | N18: 0 | O18: 0 | P18: 0 | Q18: =(978.42*12) -> 11741.04 | T18: JA | U18: Kun SC | V18: 1
A19: MKJ | B19: Thylander | C19: 41 | D19: 895 | E19: 2 | F19: Søborg Huse | G19: Søborghus Park 1-24/Frederiksborgvej 221 | H19: 2860 | I19: Søborg | J19: KEH-gruppen | L19: Boliger | M19: 0 | N19: 0 | O19: 0 | P19: 0 | Q19: =(2500.41*12) -> 30004.92 | T19: JA | U19: Kun SC | V19: 1
A20: MKJ | B20: Thylander | C20: 41 | D20: 897 | E20: 2 | F20: Høeghsmindeparken | G20: Høeghsmindeparken 2 - 16/Bernstorffsvej 142 - 148 | H20: 2900 | I20: Hellerup | J20: KEH-gruppen | L20: Boliger | M20: 0 | N20: 0 | O20: 0 | P20: 0 | Q20: =(1195.85*12) -> 14350.2 | T20: JA | U20: Kun SC | V20: 1
A21: MKJ | B21: Thylander | C21: 41 | D21: 898 | E21: 2 | F21: Ved Boldparken/Peter Bangs Vej 113 mf. | G21: Peter Bangs Vej 113-145/Peter Bangs Vej 149-163 | H21: 2000 | I21: Frederiksberg | J21: KEH-gruppen | L21: Boliger | M21: 0 | N21: 0 | O21: 0 | P21: 0 | Q21: =(3660.02*12) -> 43920.24 | T21: JA | U21: Kun SC | V21: 1
A22: MKJ | B22: Thylander | C22: 41 | D22: 9999 | E22: 2 | F22: Carlsbergfondet budgetenhed | G22: Dirch Passers Allé 76 | H22: 2000 | I22: Frederiksberg | L22: Andet | M22: 0 | N22: 0 | O22: 0 | P22: 0 | T22: NEJ | V22: 1
A23: MKJ | B23: Tårnfalke Holding A/S | C23: 45 | D23: 987 | E23: 2 | G23: Valby Langgade 70 | H23: 2500 | I23: Valby | J23: Gårdmand Bjørn Aps | L23: Boliger | M23: 0 | N23: 0 | O23: 0 | P23: 0 | T23: NEJ | V23: 1
A24: MKJ | B24: Tårnfalke Holding A/S | C24: 45 | D24: 989 | E24: 2 | G24: Valby Langgade 215 | H24: 2500 | I24: Valby | J24: Gårdmand Bjørn Aps | L24: Boliger | M24: 0 | N24: 0 | O24: 0 | P24: 0 | T24: NEJ | V24: 1
A25: MKJ | B25: Frederiksberg Fonden | C25: 59 | D25: 1 | E25: 2 | F25: Peter Bangs Vej 83 - 89 m.fl. | G25: Peter Bangs Vej 83-89/Glahns Allé 1-5/Hattensens Allé 22-26 | H25: 2000 | I25: Frederiksberg | J25: FS - Johnny Faigh | L25: Boliger | M25: =5.07692289352416+4.567307472229+0.230769231915474 -> 9.8749996 | N25: 4.3076925 | O25: 0 | P25: 0 | Q25: =700 -> 700 | R25: 42948 | T25: JA | V25: 1
A26: MKJ | B26: Frederiksberg Fonden | C26: 59 | D26: 2 | E26: 2 | F26: Finsensvej 2- 4 / Ndr. Fasanvej 13 | G26: Finsensvej 2- 4/Nordre Fasanvej 13 | H26: 2000 | I26: Frederiksberg | J26: FS - Johnny Faigh | L26: Boliger | M26: =3.81730769230769+2.40384615384615+0.0192307692307692 -> 6.2403846 | N26: 0 | O26: 0 | P26: 0 | Q26: =700 -> 700 | R26: 42948 | T26: JA | V26: 1
A27: MKJ | B27: Frederiksberg Fonden | C27: 59 | D27: 3 | E27: 2 | F27: Mariendalsvej 63 m. fl. | G27: Mariendalsvej 63/Nordre Fasanvej 133 | H27: 2000 | I27: Frederiksberg | J27: FS - Johnny Faigh | L27: Boliger | M27: =3.86538457870483+1.61538457870483+0.230769231915474 -> 5.7115384 | N27: 0.53846157 | O27: 0 | P27: 0 | Q27: =1400 -> 1400 | R27: 42948 | T27: JA | V27: 1
A28: MKJ | B28: Frederiksberg Fonden | C28: 59 | D28: 4 | E28: 2 | F28: Skt. Thomas Allé 17-19 m. fl. | G28: Sankt Thomas Allé 17-19/Gammel Kongevej 99 | H28: 1824 | I28: Frederiksberg C | J28: FS - Johnny Faigh | L28: Boliger | M28: =4.39423084259033+1.82211542129516+0.0576923079788685 -> 6.2740386 | N28: 0 | O28: 0 | P28: 0 | Q28: =700 -> 700 | R28: 42948 | T28: JA | V28: 1
A29: MKJ | B29: Ejendomssels. Af 1/11 1979 | C29: 109 | D29: 950 | E29: 2 | G29: Hovedselskab | H29: 2630 | I29: Taastrup | J29: Michael Knudsen | L29: Boliger | M29: 0 | N29: 0 | O29: 0 | P29: 0 | Q29: 0 | T29: NEJ | V29: 1
A30: MKJ | B30: Ejendomssels. Af 1/11 1980 | C30: 109 | D30: 951 | E30: 2 | G30: Morbærhegnet 1-27 | H30: 2670 | I30: Greve | J30: Michael Knudsen | L30: Boliger | M30: 0 | N30: 0 | O30: 0 | P30: 0 | Q30: 0 | T30: NEJ | V30: 1
A31: MKJ | B31: Ejendomssels. Af 1/11 1981 | C31: 109 | D31: 952 | E31: 2 | G31: Ejgårdsminde 1-118 | H31: 2670 | I31: Greve | J31: Michael Knudsen | L31: Boliger | M31: 0 | N31: 0 | O31: 0 | P31: 0 | Q31: 0 | T31: NEJ | V31: 1
A32: MKJ | B32: Ejendomssels. Af 1/11 1982 | C32: 109 | D32: 953 | E32: 2 | G32: Skovbominde 1-99 | H32: 2670 | I32: Greve | J32: Michael Knudsen | L32: Boliger | M32: 0 | N32: 0 | O32: 0 | P32: 0 | Q32: 0 | T32: NEJ | V32: 1
A33: MKJ | B33: Ejendomssels. Af 1/11 1983 | C33: 109 | D33: 954 | E33: 2 | G33: Kastanie Alle 3-7 | H33: 2720 | I33: Værløse | J33: Michael Knudsen | L33: Boliger | M33: 0 | N33: 0 | O33: 0 | P33: 0 | Q33: 0 | T33: NEJ | V33: 1
A34: MKJ | B34: Ejendomssels. Af 1/11 1984 | C34: 109 | D34: 955 | E34: 2 | G34: Holtegade 4 | H34: 2200 | I34: København N | J34: Michael Knudsen | L34: Boliger | M34: 0 | N34: 0 | O34: 0 | P34: 0 | Q34: 0 | T34: NEJ | V34: 1
A35: MKJ | B35: Ejendomssels. Af 1/11 1985 | C35: 109 | D35: 956 | E35: 2 | G35: Amerikavej 10 | H35: 1756 | I35: København V | J35: Michael Knudsen | L35: Boliger | M35: 0 | N35: 0 | O35: 0 | P35: 0 | Q35: 0 | T35: NEJ | V35: 1
A36: MKJ | B36: Ejendomssels. Af 1/11 1986 | C36: 109 | D36: 957 | E36: 2 | G36: Egelykkeparken 4-26 | H36: 2670 | I36: Greve | J36: Michael Knudsen | L36: Boliger | M36: 0 | N36: 0 | O36: 0 | P36: 0 | Q36: 0 | T36: NEJ | V36: 1
A37: MKJ | B37: Ejendomssels. Af 1/11 1987 | C37: 109 | D37: 958 | E37: 2 | G37: Finlandsgade 5-15 | H37: 2300 | I37: København S | J37: Michael Knudsen | L37: Boliger | M37: 0 | N37: 0 | O37: 0 | P37: 0 | Q37: 0 | T37: NEJ | V37: 1
A38: MKJ | B38: Ejendomssels. Af 1/11 1988 | C38: 109 | D38: 959 | E38: 2 | F38: Petersgården | G38: Peter Ipsens Allé | H38: 2400 | I38: København NV | J38: Michael Knudsen | L38: Boliger | M38: 0 | N38: 0 | O38: 0 | P38: 0 | Q38: 0 | T38: NEJ | V38: 1
A39: MKJ | B39: Ejendomssels. Af 1/11 1989 | C39: 109 | D39: 960 | E39: 2 | G39: Hyld Ager 1-183 | H39: 2770 | I39: Kastrup | J39: Michael Knudsen | L39: Boliger | M39: 0 | N39: 0 | O39: 0 | P39: 0 | Q39: 0 | T39: NEJ | V39: 1
A40: MKJ | B40: Ejendomssels. Af 1/11 1990 | C40: 109 | D40: 961 | E40: 2 | G40: Himmelev Skovvej 53-89 | H40: 4000 | I40: Roskilde | J40: Michael Knudsen | L40: Boliger | M40: 0 | N40: 0 | O40: 0 | P40: 0 | Q40: 0 | T40: NEJ | V40: 1
A41: MKJ | B41: Ejendomssels. Af 1/11 1991 | C41: 109 | D41: 962 | E41: 2 | G41: Møllehusene 2-14 | H41: 4000 | I41: Roskilde | J41: Michael Knudsen | L41: Boliger | M41: 0 | N41: 0 | O41: 0 | P41: 0 | Q41: 0 | T41: NEJ | V41: 1
A42: MKJ | B42: Ejendomssels. Af 1/11 1992 | C42: 109 | D42: 963 | E42: 2 | G42: Nordre Fasanvej 66 | H42: 2000 | I42: Frederiksberg | J42: Michael Knudsen | L42: Boliger | M42: 0 | N42: 0 | O42: 0 | P42: 0 | Q42: 0 | T42: NEJ | V42: 1
A43: MKJ | B43: Ejendomssels. Af 1/11 1993 | C43: 109 | D43: 964 | E43: 2 | G43: Nørre Søgade 37 | H43: 1370 | I43: København K | J43: Michael Knudsen | L43: Boliger | M43: 0 | N43: 0 | O43: 0 | P43: 0 | Q43: 0 | T43: NEJ | V43: 1
A44: MKJ | B44: Ejendomssels. Af 1/11 1994 | C44: 109 | D44: 965 | E44: 2 | G44: Store Møllevej 2- 20 | H44: 4000 | I44: Roskilde | J44: Michael Knudsen | L44: Boliger | M44: 0 | N44: 0 | O44: 0 | P44: 0 | Q44: 0 | T44: NEJ | V44: 1
A45: MKJ | B45: Ejendomssels. Af 1/11 1995 | C45: 109 | D45: 966 | E45: 2 | G45: Finlandsgade 13 | H45: 2300 | I45: København S | J45: Michael Knudsen | L45: Boliger | M45: 0 | N45: 0 | O45: 0 | P45: 0 | Q45: 0 | T45: NEJ | V45: 1
A46: MKJ | B46: Ejendomssels. Af 1/11 1996 | C46: 109 | D46: 967 | E46: 2 | G46: Amerikavej 8 | H46: 1756 | I46: København V | J46: Michael Knudsen | L46: Andet | M46: 0 | N46: 0 | O46: 0 | P46: 0 | Q46: 0 | T46: NEJ | V46: 1

Sheet 2-Brian
A1: Brian Fenger - 9
A2: GRUPPE 1 - PKA
A3: Antal ejendomme | C3: =K7 -> 20 | J3: Erhverv | K3: =COUNTIFS(L:L,J3) -> 1
A4: Viceværter | J4: Boliger | K4: =COUNTIFS(L:L,J4) -> 16
J5: Grund | K5: =COUNTIFS(L:L,J5) -> 0
A6: Note: | J6: Andet | K6: =COUNTIFS(L:L,J6) -> 3
K7: =SUM(K3:K6) -> 20
M8: Timer pr. uge | P8: Kr/år
A9: DL | B9: Kunde | C9: Selskab | D9: Ejendoms nr | E9: Gruppe | F9: Ejendom | G9: Adresse | H9: Post nr | I9: By | J9: Viceværter | K9: Ny vicevært | L9: Kategori | M9: Vicevært | N9: Gartner | O9: Feje/suge | P9: CTS | Q9: SC | R9: Opstartsdato | S9: Slutdato | T9: FS-aftale | U9: Kommentar | V9: Antal: | W9: PT. DL
A10: BFE | B10: Almenyttig | C10: 5 | D10: 711 | E10: 2 | F10: D.S.I. Peder Lykke Bo | G10: Peder Lykkes Vej 59 A-D m.fl/Peder Lykkes Vej 67 A-H, 67 K-L, 67 P-S | H10: 2300 | I10: København S | J10: FS - Thomas Donald Duffy | L10: Boliger | M10: =16.6923076923077+9.36538461538461 -> 26.057692 | N10: 0 | O10: 0 | P10: 0 | Q10: 49700 | R10: 43617 | T10: JA | V10: 1
A11: BFE | B11: Almenyttig | C11: 5 | D11: 711 | E11: 2 | F11: D.S.I. Peder Lykke Bo | G11: Peder Lykkes Vej 59 A-D m.fl/Peder Lykkes Vej 67 A-H, 67 K-L, 67 P-S | H11: 2300 | I11: København S | J11: FS - Jørgen Jensen | T11: JA | U11: Ejendom står her to gange?
A12: BFE | B12: Ejerforening | C12: 8 | D12: 837 | E12: 2 | F12: E/F Brohuset | G12: Bramslykkevej 2-6/Vigerslevvej 2-8/Roskildevej 139-145 | H12: 2500 | I12: Valby | J12: FS - Brohuset | L12: Boliger | M12: =92.75/52 -> 1.7836538 | N12: =82/52 -> 1.5769231 | O12: 0 | P12: 0 | Q12: =10500 -> 10500 | R12: 42795 | S12: 44012 | T12: NEJ | U12: Ligger under "opsagte" sager i tilbud - ER opsagt | V12: 1
A13: BFE | B13: Privat investor | C13: 9 | D13: 469 | E13: 2 | F13: Parkeringslauget Artillerihaven | G13: J.H. Deuntzers Gade 24 | H13: 2300 | I13: København S | J13: FS - BS Ejendomsservice | L13: Andet | M13: =183/52 -> 3.5192308 | N13: 0 | O13: =(16/52) -> 0.30769231 | P13: 0 | Q13: =595 -> 595 | R13: 42036 | T13: JA | U13: Ejendom ligger også under Lars-Peter | V13: 1 | W13: LPN
A14: BFE | B14: APpension | C14: 13 | D14: 558 | E14: 2 | F14: Kromagrafen | G14: Robert Jacobsens Vej 73 A-F | H14: 2300 | I14: København S | J14: FS - Benjamin Dirchsen | L14: Boliger | M14: 37 | N14: 0 | O14: 0 | P14: 0 | Q14: =29400 -> 29400 | R14: 43444 | S14: 43594 | T14: JA | U14: Ændring i antal VV timer pr uge efter 6 mdr drift, 37 t/uge første 6 mdr, derefter 21 t/uge | V14: 1
A15: BFE | B15: APpension | C15: 13 | D15: 558 | E15: 2 | F15: Kromagrafen | H15: 2301 | I15: København S | J15: FS - Benjamin Dirchsen | M15: 21 | N15: 0 | O15: 0 | P15: 0 | Q15: =29400 -> 29400 | R15: 43595 | T15: JA
A16: BFE | B16: PensionDanmark | C16: 87 | D16: 533 | E16: 2 | G16: Lersø Park Allé 100-110 | H16: 2100 | I16: København Ø | J16: FS - Sune | L16: Erhverv | M16: =15.9038461538462+2.90384615384615+3.68269230769231 -> 22.490385 | N16: 5.4807692 | O16: 0.15384615 | P16: =110000+110000 -> 220000 | Q16: =22475 -> 22475 | R16: 43922 | T16: JA | V16: 1
A17: BFE | B17: PensionDanmark | C17: 87 | D17: 700 | E17: 2 | F17: Kunstnerkarreen | G17: Richard Mortensens Vej 25A-27N/Robert Jacobsens Vej 30A | H17: 2300 | I17: København S | J17: FS - Thomas Eilsø | L17: Boliger | M17: 35.769231 | N17: 0 | O17: 0 | P17: 0 | Q17: =31500 -> 31500 | R17: 43525 | S17: 43708 | T17: JA | U17: Ændring i antal VV timer pr uge efter 6 mdr drift, 37 t/uge første 6 mdr, derefter 21 t/uge | V17: 1
A18: BFE | B18: PensionDanmark | C18: 87 | D18: 700 | E18: 2 | F18: Kunstnerkarreen | M18: 21 | N18: 0 | O18: 0 | P18: 0 | Q18: =31500 -> 31500 | R18: 43709 | T18: JA
A19: BFE | B19: PFA | C19: 152 | D19: 102 | E19: 2 | F19: Kalvebod Huse, etape 2 | G19: Robert Jacobsens Vej 40-42/Richard Mortensens Vej 37+39+41/Robert Jacobsens Vej 40+42 | H19: 2300 | I19: København S | J19: FS - René Jensen | L19: Boliger | M19: 37 | N19: 0 | O19: 0 | P19: 0 | Q19: =34300 -> 34300 | R19: 43493 | S19: 43677 | T19: JA | U19: Ændring i antal VV timer pr uge, starter med 37 t/uge, derefter 18/t uge fra 1/8/2019 | V19: 1 | W19: MKJ
A20: BFE | B20: PFA | C20: 152 | D20: 102 | E20: 2 | F20: Kalvebod Huse, etape 2 | M20: 18 | N20: 0 | O20: 0 | P20: 0 | Q20: =34300 -> 34300 | R20: 43678 | T20: JA
A21: BFE | B21: PFA | C21: 152 | D21: 103 | E21: 2 | F21: Kalvebod Huse, etape 1 | G21: Robert Jacobsens Vej 40-42/Richard Mortensens Vej 37+39+41/Robert Jacobsens Vej 40+42 | H21: 2300 | I21: København S | J21: FS - René Jensen | L21: Boliger | M21: 37 | N21: 0 | O21: 0 | P21: 0 | Q21: =34300 -> 34300 | R21: 43374 | S21: 43555 | T21: JA | U21: Ændring i antal VV timer pr uge, starter med 37 t/uge, derefter 18/t uge fra 1/4/2019 | V21: 1 | W21: MKJ
A22: BFE | B22: PFA | C22: 152 | D22: 103 | E22: 2 | F22: Kalvebod Huse, etape 1 | M22: 18 | N22: 0 | O22: 0 | P22: 0 | Q22: =34300 -> 34300 | R22: 43556 | T22: JA
A23: BFE | B23: PFA | C23: 152 | D23: 122 | E23: 2 | G23: C V E Knuthsvej 2A-F | H23: 2900 | I23: Hellerup | J23: FS | L23: Boliger | M23: 0 | N23: 0 | O23: 0 | P23: 0 | Q23: =(1093.75*12) -> 13125 | R23: 43831 | T23: JA | U23: Kun SC | V23: 1 | W23: MKJ
A24: BFE | B24: PFA | C24: 152 | D24: 123 | E24: 2 | F24: Indiakaj/Midtermolen | G24: Indiakaj 9-13, Midtermolen 2-12 | H24: 2100 | I24: København Ø | J24: FS | L24: Boliger | M24: 0 | N24: 0 | O24: 0 | P24: 0 | Q24: =(718.75*12) -> 8625 | R24: 43831 | T24: JA | U24: Kun SC | V24: 1 | W24: MKJ
A25: BFE | B25: PFA | C25: 152 | D25: 124 | E25: 2 | F25: Langelinie | G25: Langelinie Allé 3-9 | H25: 2100 | I25: København Ø | J25: FS | L25: Boliger | M25: 0 | N25: 0 | O25: 0 | P25: 0 | Q25: =(93.75*12) -> 1125 | R25: 43831 | T25: JA | U25: Kun SC | V25: 1 | W25: MKJ
A26: BFE | B26: PFA | C26: 152 | D26: 125 | E26: 2 | F26: Vodroffsvej | G26: Vodroffsvej 16 | H26: 1900 | I26: Frederiksberg C | J26: FS | L26: Boliger | M26: 0 | N26: 0 | O26: 0 | P26: 0 | Q26: =(343.75*12) -> 4125 | R26: 43831 | T26: JA | U26: Kun SC | V26: 1 | W26: MKJ
A27: BFE | B27: PFA | C27: 152 | D27: 126 | E27: 2 | G27: Christopher Boecksvej 14-24 | H27: 3480 | I27: Fredensborg | J27: FS | L27: Boliger | M27: 0 | N27: 0 | O27: 0 | P27: 0 | Q27: =(218.75*12) -> 2625 | R27: 43831 | T27: JA | U27: Kun SC | V27: 1 | W27: MKJ
A28: BFE | B28: PFA | C28: 152 | D28: 400 | E28: 2 | F28: Kompl. PFA Absalon Aps | G28: Sundkrogsgade 4 | H28: 2100 | I28: København Ø | J28: FS | L28: Boliger | M28: 0 | N28: 0 | O28: 0 | P28: 0 | T28: NEJ | U28: Kun SC - ingen aftale eller faktura på SC | V28: 1 | W28: MKJ
A29: BFE | B29: PFA | C29: 152 | D29: 401 | E29: 2 | F29: PFA Absalon Ejendomme | G29: Sundkrogsgade 5 | H29: 2100 | I29: København Ø | J29: FS | L29: Boliger | M29: 0 | N29: 0 | O29: 0 | P29: 0 | T29: NEJ | U29: Kun SC - ingen aftale eller faktura på SC | V29: 1 | W29: MKJ
A30: BFE | B30: PFA | C30: 152 | D30: 402 | E30: 2 | F30: Nyhavn 11 | G30: Nyhavn 11 og St. Strandstræde 8-14 | H30: 1051 | I30: København K | J30: FS | L30: Boliger | M30: 0 | N30: 0 | O30: 0 | P30: 0 | Q30: =(1218.75*12) -> 14625 | R30: 43831 | T30: NEJ | U30: Kun SC | V30: 1 | W30: MKJ
A31: BFE | B31: PFA | C31: 152 | D31: 403 | E31: 2 | G31: Skindergade 28 | H31: 1159 | I31: København K | J31: FS | L31: Boliger | M31: 0 | N31: 0 | O31: 0 | P31: 0 | Q31: =(500*12) -> 6000 | R31: 43831 | T31: JA | U31: Kun SC | V31: 1 | W31: MKJ
A32: BFE | B32: ATPE | C32: 210 | D32: 101 | E32: 2 | F32: Arenahaven | G32: Hannemanns Allé 44 A-H | H32: 2300 | I32: København S | J32: FS - Thomas Eilsø | L32: Boliger | M32: =15.9230769230769+13.5961538461538+1.38461538461538 -> 30.903846 | N32: 4.25 | O32: =(2*3)/52 -> 0.11538462 | P32: 0 | Q32: =58800 -> 58800 | R32: 43831 | T32: JA | U32: Ligger samlet i en FS-aftale, kun samlet pris for hver enkelt ejendom - ingen kalkulationer enkeltvis | V32: 1
A33: BFE | B33: FS Øst | C33: 800 | E33: 2 | F33: Hannemanns Allé 30 (Zleep) | G33: Hannemanns Allé 30 | H33: 2300 | I33: København S | J33: FS - Thomas Eilsø | T33: JA | U33: Samlet pris = 13.400 kr. | V33: 1
A34: BFE | B34: FS Øst | C34: 800 | E34: 2 | F34: Hannemanns Allé 30 (Fællesområde) | G34: Hannemanns Allé 30 | H34: 2300 | I34: København S | J34: FS - Thomas Eilsø | T34: JA | U34: Samlet pris = 170.270 kr. | V34: 1
A35: BFE | B35: FS Øst | C35: 800 | D35: 77 | E35: 2 | F35: Hannemanns Allé 30 (P-hus) | G35: Hannemanns Allé 30 | H35: 2300 | I35: København S | J35: FS - Thomas Eilsø | T35: JA | U35: Samlet pris = 21.800 kr. | V35: 1
A36: BFE | B36: FS Øst | C36: 800 | D36: 78 | E36: 2 | F36: Hannemanns Allé 30 (Burger King) | G36: Hannemanns Allé 30 | H36: 2300 | I36: København S | J36: FS - Thomas Eilsø | T36: JA | U36: Samlet pris = 13.400 kr. | V36: 1
A37: BFE | B37: FS Øst | C37: 800 | D37: 82 | E37: 2 | F37: G/F Bellakvarter (P91) | G37: Dea Trier Mørchs Vej 2-4/Halldor Laxness Vej 26/Ørestads Boulevard 44 | H37: 2500 | I37: Valby | J37: FS - Thomas Eilsø | L37: Andet | M37: =0.0625+0.192307692307692+8.33 -> 8.5848077 | N37: 0 | O37: 0 | P37: 0 | Q37: =2450 -> 2450 | R37: 43556 | T37: JA | V37: 1
A38: BFE | B38: FS Øst | C38: 800 | D38: 83 | E38: 2 | F38: G/F Bellakvarter (Delområde 5) | H38: 2500 | I38: Valby | J38: FS - Thomas Eilsø | L38: Andet | M38: 1.8653846 | N38: 0 | O38: =(4*8)/52 -> 0.61538462 | P38: 0 | Q38: =5250 -> 5250 | R38: 43556 | T38: JA | V38: 1

Sheet  2-René R
A1: René Rasmussen - 13
A2: GRUPPE 2 -
A3: Antal ejendomme | C3: =K7 -> 24 | J3: Erhverv | K3: =COUNTIFS(L:L,J3) -> 4
A4: Viceværter | J4: Boliger | K4: =COUNTIFS(L:L,J4) -> 17
A5: Note: | J5: Grund | K5: =COUNTIFS(L:L,J5) -> 0
J6: Andet | K6: =COUNTIFS(L:L,J6) -> 3
K7: =SUM(K3:K6) -> 24
M8: Timer pr. uge | P8: Kr/år
A9: DL | B9: Kunde | C9: Selskab | D9: Ejendoms nr | E9: Gruppe | F9: Ejendom | G9: Adresse | H9: Post nr | I9: By | J9: Viceværter | K9: Ny vicevært | L9: Kategori | M9: Vicevært | N9: Gartner | O9: Feje/suge | P9: CTS | Q9: SC | R9: Opstartsdato | S9: Slutdato | T9: FS-aftale | U9: Kommentar | V9: Antal: | W9: PT. DL
A10: RERA | C10: 2 | D10: 714 | E10: 2 | G10: Enighedsvej 16/Enighedsvej 16 A - B | H10: 2920 | I10: Charlottenlund | J10: Lars Grønager | L10: Boliger | T10: NEJ | U10: Ligger under "parkeret" sager i tilbud | V10: 1
A11: RERA | C11: 2 | D11: 718 | E11: 2 | F11: Højbrøndhus | G11: Støden 14 - 18 | H11: 4000 | I11: Roskilde | J11: Altid Klar Vinduespolering | L11: Boliger | T11: NEJ | U11: Ligger under "tabte" sager i tilbud | V11: 1
A12: RERA | C12: 2 | D12: 721 | E12: 2 | F12: Louiseparken | G12: Kirkeskov Allé 1-13 | H12: 3050 | I12: Humlebæk | J12: Jørgen Krogh | L12: Boliger | T12: NEJ | U12: Ligger under "parkeret" sager i tilbud | V12: 1
A13: RERA | C13: 2 | D13: 722 | E13: 2 | F13: Frederiksberg Søpark | G13: Vodroffsvej 12 - 14 | H13: 1900 | I13: Frederiksberg C | J13: Vækst og Miljø | L13: Boliger | T13: NEJ | U13: Ligger under "parkeret" sager i tilbud | V13: 1
A14: RERA | B14: Ejerforening | C14: 8 | D14: 108 | E14: 2 | F14: E/F Amerika Plads 34-38 | G14: Amerika Plads 34-38 | H14: 2100 | I14: København Ø | J14: FS - Thomas Danielsen | L14: Boliger | M14: =78/52 -> 1.5 | N14: 0 | O14: 0 | P14: 0 | Q14: =4972.5 -> 4972.5 | R14: 42461 | T14: JA | V14: 1
A15: RERA | B15: Ejerforening | C15: 8 | D15: 137 | E15: 2 | F15: E/F Borgmestergården | G15: Borgmester Christiansens Gade 48-50 | H15: 2450 | I15: København SV | J15: Vækst & Miljø A/S | L15: Boliger | T15: NEJ | U15: Tilsyneladende ingen FS-aftale | V15: 1
A16: RERA | C16: 8 | D16: 235 | E16: 2 | F16: G/F Carl Jacobsens Vej 33-41 | G16: c/o IP Administration | H16: 1820 | I16: Frederiksberg C | J16: FS - Matti Ø. Andersen | L16: Andet | M16: 4.3269231 | N16: 5 | O16: 0 | P16: 0 | Q16: =5600 -> 5600 | R16: 43739 | T16: JA | U16: Revideret kontrakt | V16: 1
A17: RERA | B17: LP | C17: 14 | D17: 809 | E17: 2 | F17: Jacobsens Have | G17: Carl Jacobsens Vej 19 | H17: 2500 | I17: Valby | J17: FS - Matti Ø. Andersen | L17: Boliger | M17: =8.48076923076923+13.2884615384615+2.13461538461538 -> 23.903846 | N17: 1.8461538 | O17: =(4*4)/52 -> 0.30769231 | P17: =9945 -> 9945 | Q17: =44100 -> 44100 | R17: 43497 | T17: JA | V17: 1
A18: RERA | C18: 20 | D18: 291 | F18: Lyngby Søpark | G18: Agnetevej 5-33, 8-26 | H18: 2800 | I18: Lyngby | L18: Boliger | T18: NEJ | U18: Tilsyneladende ingen FS-aftale | V18: 1
A19: RERA | B19: Sampension | C19: 20 | D19: 403 | E19: 2 | F19: Kildevang | G19: Strandvejen 22-32 | H19: 2100 | I19: København Ø | J19: Green Circle | L19: Boliger | T19: NEJ | U19: Ligger under "parkeret" sager i tilbud | V19: 1
A20: RERA | B20: Sampension | C20: 20 | D20: 404 | E20: 2 | F20: Vangehuset | G20: Strandvejen 87A-89B | H20: 2100 | I20: København Ø | J20: Green Circle | L20: Boliger | T20: NEJ | U20: Tilsyneladende ingen FS-aftale | V20: 1
A21: RERA | B21: Sampension | C21: 20 | D21: 405 | E21: 2 | F21: Bærhaven | G21: Bærhaven 1-23 | H21: 2500 | I21: Valby | J21: Green Circle | L21: Boliger | T21: NEJ | U21: Ligger under "parkeret" sager i tilbud | V21: 1
A22: RERA | B22: Sampension | C22: 20 | D22: 407 | E22: 2 | F22: Ved Viadukten | G22: Kajerødvej 78-84 | H22: 3460 | I22: Birkerød | J22: B. S. Ejendomsservice | L22: Boliger | T22: NEJ | U22: Ligger under "parkeret" sager i tilbud | V22: 1
A23: RERA | B23: Sampension | C23: 20 | D23: 408 | E23: 2 | F23: Mozartsvej 32 m.fl. | G23: Mozartsvej 32/Rubinsteinsvej 17-21/Sjælør Boulevard 25-27 | H23: 2450 | I23: København SV | J23: Green Circle | L23: Boliger | T23: NEJ | U23: Tilsyneladende ingen FS-aftale | V23: 1
A24: RERA | B24: Sampension | C24: 20 | D24: 410 | E24: 2 | F24: Bernstorffsvej 135 m.fl. | G24: Bernstorffsvej 133 - 137/Adolphsvej 1 - 3 | H24: 2900 | I24: Hellerup | J24: Tim Larsen | L24: Boliger | T24: NEJ | U24: Tilsyneladende ingen FS-aftale | V24: 1
A25: RERA | B25: Pædagogernes pension | C25: 30 | D25: 206 | E25: 2 | F25: Bygmester Have | G25: Bygmestervej 1 A - B/Bisiddervej 18 -22 | H25: 2400 | I25: København NV | J25: FS - Thomas Danielsen | L25: Boliger | M25: =2.38461538461538+3.50961538461538+0.682692307692308 -> 6.5769231 | N25: 2.8653846 | O25: =(4*2)/52 -> 0.15384615 | P25: 0 | Q25: =21000 -> 21000 | R25: 43070 | T25: JA | V25: 1
A26: RERA | B26: PensionDanmark | C26: 87 | D26: 502 | E26: 2 | F26: Amerika Plads 11-15 m.fl. | G26: Amerika Plads 11-15/Kalkbrænderihavnsgade 2 | H26: 2100 | I26: København Ø | J26: FS - Thomas Danielsen | L26: Erhverv | M26: =0.346153846153846+0.153846153846154 -> 0.5 | N26: 0 | O26: 0 | P26: 0 | Q26: 0 | R26: 43952 | T26: JA | V26: 1
A27: RERA | B27: PensionDanmark | C27: 87 | D27: 518 | E27: 2 | F27: Carl Jacobsens Vej 35 m.fl. | G27: Carl Jacobsens Vej 35/Carl Jacobsens Vej 39 | H27: 2500 | I27: Valby | J27: FS - Matti | L27: Erhverv | M27: =6.28846153846154+1.21153846153846+0.788461538461538 -> 8.2884615 | N27: 0 | O27: =(4*3.5)/52 -> 0.26923077 | P27: =(21600+30000) -> 51600 | Q27: =11200 -> 11200 | R27: 43983 | T27: JA | U27: Revideret kontrakt | V27: 1
A28: RERA | B28: PensionDanmark | C28: 87 | D28: 519 | E28: 2 | G28: Carl Jacobsens Vej 29-31 | H28: 2500 | I28: Valby | J28: FS - Matti | L28: Erhverv | M28: =0.865384615384615+3.21153846153846+0.153846153846154 -> 4.2307692 | N28: 3.75 | O28: 0 | P28: 0 | Q28: =10500 -> 10500 | R28: 43983 | T28: JA | U28: Revideret kontrakt | V28: 1
A29: RERA | B29: Calum A/S | C29: 158 | D29: 116 | E29: 2 | F29: Calum Falkevej K/S | G29: Falkevej 2-4 | H29: 2400 | I29: København NV | J29: FS - Thomas Danielsen | L29: Boliger | M29: =1.045+1.23423076923077+0.575384615384615 -> 2.8546154 | N29: 0 | O29: 0 | P29: 0 | Q29: =7700 -> 7700 | R29: 43647 | T29: JA | V29: 1
A30: RERA | B30: Industriens pension | C30: 160 | D30: 122 | E30: 2 | F30: Dag Hammarskjölds Allé 13 | G30: Dag Hammarskjölds Allé 13 bygning 1+2/Visbygade 16 bygning 3 | H30: 1267 | I30: København K | J30: FS - Thomas Danielsen | L30: Erhverv | M30: =(167.75+43.25)/52 -> 4.0576923 | N30: 0 | O30: 0 | P30: 0 | Q30: =5100 -> 5100 | R30: 42370 | T30: JA | V30: 1
A31: RERA | C31: 800 | D31: 12 | E31: 2 | F31: Ejd. Dantes Plads c/o EV Administration | G31: Vester Voldgade 90-92/Dantes Plads 1/Ludvig Holsteins Allé 54 | H31: 2750 | I31: Ballerup | J31: FS - Thomas Danielsen | L31: Andet | M31: =94.9/52 -> 1.825 | N31: =114.5/52 -> 2.2019231 | O31: 0 | P31: 0 | Q31: =10340 -> 10340 | R31: 37226 | T31: JA | U31: Gårdmand og Gartner | V31: 1
A32: RERA | C32: 800 | D32: 25 | E32: 2 | F32: E/F Stadens Vænge 1-3 adm. 7389 | G32: c/o Domhusgaarden Ejendomsadministration | H32: 5000 | I32: Odense C | J32: FS - Thomas Danielsen | L32: Andet | M32: =205/52 -> 3.9423077 | N32: =58.25/52 -> 1.1201923 | O32: 0 | P32: 0 | Q32: =2805 -> 2805 | R32: 42370 | T32: JA | V32: 1
A33: RERA | B33: Ejerforening | C33: 8 | D33: 324 | E33: 4 | F33: E/F Lersøhus | G33: Rønnegade 10-26 | H33: 2100 | I33: København Ø | J33: FS - Thomas Danielsen | L33: Boliger | M33: =1.07615384615385+5.40903846153846+2.76846153846154 -> 9.2536538 | N33: =1.57692307692308 -> 1.5769231 | O33: 0 | P33: 0 | Q33: =15750 -> 15750 | R33: 43647 | T33: JA

Sheet 3-Stefan
A1: Stefan Andersen - 22
A2: GRUPPE 3 -
A3: Antal ejendomme | C3: =K7 -> 31 | J3: Erhverv | K3: =COUNTIFS(L:L,J3) -> 20
A4: Viceværter: | J4: Boliger | K4: =COUNTIFS(L:L,J4) -> 8
A5: Note: | J5: Grund | K5: =COUNTIFS(L:L,J5) -> 0
J6: Andet | K6: =COUNTIFS(L:L,J6) -> 3
K7: =SUM(K3:K6) -> 31
M8: Timer pr. uge | P8: Kr/år
A9: DL | B9: Kunde | C9: Selskab | D9: Ejendoms nr | E9: Gruppe | F9: Ejendom | G9: Adresse | H9: Post nr | I9: By | J9: Viceværter | K9: Ny vicevært | L9: Kategori | M9: Vicevært | N9: Gartner | O9: Feje/suge | P9: CTS | Q9: SC | R9: Opstartsdato | S9: Slutdato | T9: FS-aftale | U9: Kommentar | V9: Antal: | W9: PT. DL
A10: STAN | B10: MP Pension | C10: 98 | D10: 116 | E10: 3 | G10: Bryggervangen 7 - 19 | H10: 2100 | I10: København Ø | J10: Per Nilsson & Torben Vestergaard Laursen | L10: Erhverv | T10: NEJ | U10: Samme ejendom står her allerede? | V10: 1 | W10: MBI
A11: STAN | B11: MP Pension | C11: 98 | D11: 136 | E11: 3 | F11: Lollikhus, Birkerød | G11: Birkerød Kongevej 2 | H11: 3460 | I11: Birkerød | J11: - | L11: Erhverv | T11: NEJ | U11: Ligger under "tabte" sager i tilbud | V11: 1 | W11: MBI
A12: STAN | B12: MP Pension | C12: 98 | D12: 301 | E12: 3 | G12: Svend Trøsts Vej 19/Danasvej 30 A | H12: 1912 | I12: Frederiksberg C | J12: Ove Fritz | L12: Boliger | T12: NEJ | U12: Tilsyneladende ingen FS-aftale | V12: 1 | W12: MBI
A13: STAN | B13: MP Pension | C13: 98 | D13: 302 | E13: 3 | G13: Forchammersvej 17-19/Svend Trøst vej 21 | H13: 1912 | I13: Frederiksberg C | J13: Ove Fritz | L13: Boliger | T13: NEJ | U13: Tilsyneladende ingen FS-aftale | V13: 1 | W13: MBI
A14: STAN | B14: MP Pension | C14: 98 | D14: 303 | E14: 4 | F14: Bryggervangen 7-19 | G14: Bryggervangen 7 - 19 | H14: 2100 | I14: København Ø | J14: Per Nilsson & Torben Vestergaard Laursen | L14: Boliger | T14: NEJ | U14: Tilsyneladende ingen FS-aftale | V14: 1 | W14: MBI
A15: STAN | B15: MP Pension | C15: 98 | D15: 304 | E15: 5 | F15: Lollikhus, Birkerød | G15: Birkerød Kongevej 2 | H15: 3460 | I15: Birkerød | J15: - | L15: Erhverv | T15: NEJ | U15: Står der to gange? | V15: 1 | W15: MBI
A16: STAN | B16: MP Pension | C16: 98 | D16: 601 | E16: 3 | G16: Nyropsgade 45/Vester Farimagsgade 13-15 | H16: 1602 | I16: København V | J16: Ove Fritz | L16: Erhverv | T16: NEJ | U16: Ligger under "tabte" sager i tilbud | V16: 1 | W16: MBI
A17: STAN | B17: MP Pension | C17: 98 | D17: 602 | E17: 3 | F17: Adelgade 15-19, Kbh. K | G17: Adelgade 15 - 19 | H17: 1304 | I17: København K | J17: Ove Fritz | L17: Erhverv | T17: NEJ | U17: Ligger under "tabte" sager i tilbud | V17: 1 | W17: MBI
A18: STAN | B18: MP Pension | C18: 98 | D18: 605 | E18: 3 | G18: H.C. Ørstedsvej 50/Rosenørns Allé 29-31 | H18: 1970 | I18: Frederiksberg C | J18: Ove Fritz | L18: Erhverv | T18: NEJ | U18: Ligger under "tabte" sager i tilbud | V18: 1 | W18: MBI
A19: STAN | B19: MP Pension | C19: 98 | D19: 607 | E19: 3 | G19: Langebrogade 6 | H19: 1411 | I19: København K | J19: Jesper Veibel Malthe | L19: Erhverv | T19: NEJ | U19: Ligger under "tabte" sager i tilbud | V19: 1 | W19: MBI
A20: STAN | B20: Ejendomsselskabet af 1. maj 2009 | C20: 117 | D20: 100 | E20: 3 | G20: Adm.selskab for Ejd.selsk. af 1/5 | H20: 2500 | I20: Valby | J20: - | L20: Andet | T20: NEJ | U20: Tilsyneladende ingen FS-aftale | V20: 1 | W20: MBI
A21: STAN | B21: Ejendomsselskabet af 1. maj 2009 | C21: 117 | D21: 102 | E21: 3 | G21: Hovedgaden 12-14 | H21: 3460 | I21: Birkerød | J21: - | L21: Erhverv | T21: NEJ | U21: Tilsyneladende ingen FS-aftale | V21: 1 | W21: MBI
A22: STAN | B22: Ejendomsselskabet af 1. maj 2009 | C22: 117 | D22: 103 | E22: 3 | G22: Farum Hovedgade 37 | H22: 3520 | I22: Farum | J22: - | L22: Erhverv | T22: NEJ | U22: Tilsyneladende ingen FS-aftale | V22: 1 | W22: MBI
A23: STAN | B23: Ejendomsselskabet af 1. maj 2009 | C23: 117 | D23: 105 | E23: 3 | G23: Torvet 7/Østergade 9 | H23: 3600 | I23: Frederikssund | J23: - | L23: Erhverv | T23: NEJ | U23: Tilsyneladende ingen FS-aftale | V23: 1 | W23: MBI
A24: STAN | B24: Ejendomsselskabet af 1. maj 2009 | C24: 117 | D24: 106 | E24: 3 | G24: Nørregade 34 | H24: 3300 | I24: Frederiksværk | J24: - | L24: Erhverv | T24: NEJ | U24: Tilsyneladende ingen FS-aftale | V24: 1 | W24: MBI
A25: STAN | B25: Ejendomsselskabet af 1. maj 2009 | C25: 117 | D25: 107 | E25: 3 | G25: Rundinsvej 4 | H25: 3200 | I25: Helsinge | J25: - | L25: Erhverv | T25: NEJ | U25: Tilsyneladende ingen FS-aftale | V25: 1 | W25: MBI
A26: STAN | B26: Ejendomsselskabet af 1. maj 2009 | C26: 117 | D26: 108 | E26: 3 | G26: Stjernegade 23 | H26: 3000 | I26: Helsingør | J26: - | L26: Erhverv | T26: NEJ | U26: Tilsyneladende ingen FS-aftale | V26: 1 | W26: MBI
A27: STAN | B27: Ejendomsselskabet af 1. maj 2009 | C27: 117 | D27: 109 | E27: 3 | F27: Slotsgade 36 | G27: Slotsgade 36 | H27: 3400 | I27: Hillerød | J27: FS - John Frederiksen | L27: Erhverv | M27: =(178.5+14.25)/52 -> 3.7067308 | N27: =48.75/52 -> 0.9375 | O27: 0 | P27: 0 | Q27: =2362.5 -> 2362.5 | R27: 41974 | T27: JA | V27: 1 | W27: MBI
A28: STAN | B28: Ejendomsselskabet af 1. maj 2009 | C28: 117 | D28: 112 | E28: 3 | G28: Hillerødvej 34 | H28: 3540 | I28: Lynge | J28: - | L28: Erhverv | T28: NEJ | U28: Tilsyneladende ingen FS-aftale | V28: 1 | W28: MBI
A29: STAN | B29: Ejendomsselskabet af 1. maj 2009 | C29: 117 | D29: 113 | E29: 3 | G29: Kongensgade 10 A | H29: 3550 | I29: Slangerup | J29: - | L29: Erhverv | T29: NEJ | U29: Tilsyneladende ingen FS-aftale | V29: 1 | W29: MBI
A30: STAN | B30: Ejendomsselskabet af 1. maj 2009 | C30: 117 | D30: 115 | E30: 3 | F30: Egedal Centret | G30: Egedal Centret 44 J, 01 | H30: 3660 | I30: Stenløse | J30: - | L30: Erhverv | T30: NEJ | U30: Tilsyneladende ingen FS-aftale | V30: 1 | W30: MBI
A31: STAN | B31: Ejendomsselskabet af 1. maj 2009 | C31: 117 | D31: 116 | E31: 3 | G31: Christopher Boecksvej 4 | H31: 3480 | I31: Fredensborg | J31: - | L31: Erhverv | T31: NEJ | U31: Tilsyneladende ingen FS-aftale | V31: 1 | W31: MBI
A32: STAN | B32: Ejendomsselskabet af 1. maj 2009 | C32: 117 | D32: 195 | E32: 3 | F32: Spaniensgade - Lyongade | G32: Spaniensgade 15 (restejd.)/ Lyongade 17-19 (restejd.) | H32: 2300 | I32: København S | J32: FS | L32: Boliger | M32: 0 | N32: 0 | O32: 0 | P32: 0 | Q32: =4410 -> 4410 | R32: 42309 | T32: JA | V32: 1 | W32: MBI
A33: STAN | B33: CS Pensionsfond | C33: 138 | D33: 103 | E33: 3 | G33: Sct. Olai Gade 39 | H33: 3000 | I33: Helsingør | J33: - | L33: Erhverv | T33: NEJ | U33: Tilsyneladende ingen FS-aftale | V33: 1 | W33: MBI
A34: STAN | B34: Ejerforening | C34: 8 | D34: 190 | E34: 3 | F34: Husforeningen Glenten | G34: Strandlodsvej 19 C-G | H34: 2300 | I34: København S | J34: FS - Henrik Tønnersen | L34: Boliger | M34: =(52*2)/52 -> 2 | N34: 0 | O34: 0 | P34: 0 | Q34: =8050 -> 8050 | R34: 42962 | T34: JA | V34: 1 | W34: MCP
A35: STAN | B35: Ejerforening | C35: 8 | D35: 230 | E35: 3 | F35: E/F Strandholmen Ternen og Klyden | G35: Strandlodsvej 23 | H35: 2300 | I35: København S | J35: FS - Henrik Tønnersen | L35: Boliger | M35: =2.51923076923077+1.80769230769231 -> 4.3269231 | N35: 0 | O35: 0 | P35: 0 | Q35: =20300 -> 20300 | R35: 43586 | T35: JA | V35: 1 | W35: MCP
A36: STAN | B36: Ejerforening | C36: 8 | D36: 239 | E36: 3 | F36: Parkeringsanlægget Strandholmen | G36: Strandlodsvej 15 | H36: 2300 | I36: København S | J36: FS - Henrik Tønnersen | L36: Andet | M36: =0.5+0.519230769230769+1.57692307692308 -> 2.5961538 | N36: 0 | O36: =(2*7)/52 -> 0.26923077 | P36: 0 | Q36: =3850 -> 3850 | R36: 43252 | T36: JA | V36: 1 | W36: MCP
A37: STAN | B37: Ejerforening | C37: 8 | D37: 240 | E37: 3 | F37: G/F Strandholmen | G37: Strandlodsvej 15 | H37: 2300 | I37: København S | J37: FS - Henrik Tønnersen | L37: Andet | M37: 5.7884615 | N37: 11.269231 | O37: =(2*10)/52 -> 0.38461538 | P37: 0 | Q37: =9100 -> 9100 | R37: 43405 | T37: JA | V37: 1 | W37: MCP
A38: STAN | B38: LP | C38: 14 | D38: 806 | E38: 3 | F38: Amager Strandpark Ask | G38: Krimsvej 11 A-H | H38: 2300 | I38: København S | J38: FS - Henrik Tønnersen | L38: Boliger | M38: =8.19230769230769+1.13461538461538+5.91346153846154 -> 15.240385 | N38: 0 | O38: =(2*6)/52 -> 0.23076923 | P38: =21600 -> 21600 | Q38: =16800 -> 16800 | R38: 43435 | T38: JA | V38: 1 | W38: MCP
A39: STAN | B39: LP | C39: 14 | D39: 807 | E39: 3 | F39: Amager Strandpark Birk m.fl. | G39: Krimsvej 19 A-E/Krimsvej 21 A-B/Krimsvej 23 | H39: 2300 | I39: København S | J39: FS - Henrik Tønnersen | L39: Boliger | M39: =12.3076923076923+3.36538461538462+12.0384615384615 -> 27.711538 | N39: 0 | O39: =(2*10)/52 -> 0.38461538 | P39: =21600 -> 21600 | Q39: =39550 -> 39550 | R39: 43435 | T39: JA | V39: 1 | W39: MCP
A40: STAN | B40: LP | C40: 14 | D40: 811 | E40: 3 | F40: Amager Strandpark - Fælleshuset | G40: Krimsvej 17 | H40: 2300 | I40: København S | J40: FS - Henrik Tønnersen | L40: Erhverv | M40: =0.5+0.326923076923077+0.826923076923077 -> 1.6538462 | N40: 0 | O40: 0 | P40: 0 | Q40: =3150 -> 3150 | R40: 43435 | T40: JA | V40: 1 | W40: MCP

Sheet 3-Henrik W
A1: Henrik Winther - 15
A2: GRUPPE 3 -
A3: Antal ejendomme | C3: =K7 -> 35 | J3: Erhverv | K3: =COUNTIFS(L:L,J3) -> 4
A4: Viceværter: | J4: Boliger | K4: =COUNTIFS(L:L,J4) -> 29
A5: Note: | J5: Grund | K5: =COUNTIFS(L:L,J5) -> 1
J6: Andet | K6: =COUNTIFS(L:L,J6) -> 1
K7: =SUM(K3:K6) -> 35
M8: Timer pr. uge | P8: Kr/år
A9: DL | B9: Kunde | C9: Selskab | D9: Ejendoms nr | E9: Gruppe | F9: Ejendom | G9: Adresse | H9: Post nr | I9: By | J9: Viceværter | K9: Ny vicevært | L9: Kategori | M9: Vicevært | N9: Gartner | O9: Feje/suge | P9: CTS | Q9: SC | R9: Opstartsdato | S9: Slutdato | T9: FS-aftale | U9: Kommentar | V9: Antal: | W9: PT. DL
A10: HEW | B10: Ejerforening | C10: 8 | D10: 474 | E10: 3 | F10: E/F Gammel Kongevej 11-13 | G10: E/F Gammel Kongevej 11-13 | H10: 1610 | I10: København V | J10: - | L10: Erhverv | T10: NEJ | U10: Tilsyneladende ingen FS-aftale | V10: 1
A11: HEW | B11: Kalkværksgrundene | C11: 28 | D11: 62 | E11: 3 | F11: Marselisborg | G11: Århusgade 97/Vardegade 3-15/Strandboulevarden 108/Vordingborggade 80-82 | H11: 2100 | I11: København Ø | J11: FS - Thomas Danielsen | L11: Boliger | T11: NEJ | U11: Kun vedlagt 'allonge' dokumenter | V11: 1 | W11: RERA
A12: HEW | B12: Kalkværksgrundene | C12: 28 | D12: 63 | E12: 3 | F12: Nyvej | G12: Nyvej 8 A-B, 10 A-B | H12: 1851 | I12: Frederiksberg C | J12: Brian Frederiksen | L12: Boliger | M12: =(12+82.5)/52 -> 1.8173077 | N12: =160.8/52 -> 3.0923077 | O12: 0 | P12: 0 | Q12: =57629.03 -> 57629.03 | R12: 41426 | T12: JA | V12: 1
A13: HEW | B13: Kalkværksgrundene | C13: 28 | D13: 64 | E13: 3 | F13: Smakkegårdsvej 133-149 | G13: Smakkegårdsvej 133-137, 139-145, 147-149 | H13: 2820 | I13: Gentofte | J13: Nicolas Pontoppidan | L13: Boliger | M13: =(12+107.68)/52 -> 2.3015385 | N13: =116/52 -> 2.2307692 | O13: 0 | P13: 0 | Q13: =49045.16 -> 49045.16 | R13: 41426 | T13: JA | V13: 1
A14: HEW | B14: Kalkværksgrundene | C14: 28 | D14: 67 | E14: 3 | F14: Vesterled | G14: Roskildevej 185 A-B/Vestervang 2A, 2B, 4A, 4B, 6A og 6B/Valby Langgade 258-260/Roskildevej 185 a og b | H14: 2500 | I14: Valby | J14: Brian Frederiksen | L14: Boliger | M14: =1.34615384615385+2.15384615384615 -> 3.5 | N14: 0.96153846 | O14: 0 | P14: 0 | Q14: =27300 -> 27300 | R14: 43435 | T14: JA | V14: 1
A15: HEW | B15: Kalkværksgrundene | C15: 28 | D15: 70 | E15: 3 | F15: Røgerigården | G15: Mjøsensgade 1-11/Gullandsgade 16-18 | H15: 2300 | I15: København S | J15: John Aagaard | L15: Boliger | M15: =1.45192307692308+1.31903846153846 -> 2.7709615 | N15: 0.49038462 | O15: 0 | P15: 0 | Q15: =18550 -> 18550 | R15: 43862 | T15: NEJ | U15: Ligger under "opsagte" sager i tilbud | V15: 1
A16: HEW | B16: JØP | C16: 51 | D16: 106 | E16: 3 | F16: Tritonerne | G16: Åbakkevej 19-29 | H16: 2720 | I16: Vanløse | J16: Stig/Kenneth/Dan | L16: Boliger | T16: NEJ | U16: Tilsyneladende ingen FS-aftale | V16: 1
A17: HEW | B17: JØP | C17: 51 | D17: 511 | E17: 3 | F17: Ejendomsselskabet Dalhusene ApS | G17: Vanløse Allé 10/Sallingvej 47-57/Dybendalsvej 23-33/Vanløse Allé 10-20,19-21, 25-31, 35-37/Åbakkevej 15-17, 18-34 | H17: 2720 | I17: Vanløse | J17: Stig/Kenneth/Dan | L17: Boliger | T17: NEJ | U17: Tilsyneladende ingen FS-aftale | V17: 1
A18: HEW | B18: JØP | C18: 51 | D18: 541 | E18: 3 | F18: Ejendomsselskabet Klampenborggård ApS | G18: Dyrehavevej 2-16 | H18: 2930 | I18: Klampenborg | J18: Rikki Linders | L18: Boliger | T18: NEJ | U18: Tilsyneladende ingen FS-aftale | V18: 1
A19: HEW | B19: JØP | C19: 51 | D19: 561 | E19: 3 | F19: Ejendomsselskabet Treleddet ApS | G19: Niels Jespersensvej 2-10 m.fl./Philip Schous Vej 19-29/Finsensvej 61-71 | H19: 2000 | I19: Frederiksberg | J19: Poul Sørensen | L19: Boliger | R19: 43070 | T19: NEJ | U19: Kun flytning indgår i ydelser, ingen kalkulationer | V19: 1
A20: HEW | B20: JØP | C20: 51 | D20: 571 | E20: 3 | F20: Ejendomsselskabet Jægersborgvej 68 ApS | G20: Jægersborgvej 68-76 | H20: 2800 | I20: Kgs. Lyngby | J20: Nicolas Pontoppidan | L20: Boliger | T20: NEJ | U20: Tilsyneladende ingen FS-aftale | V20: 1
A21: HEW | B21: JØP | C21: 51 | D21: 581 | E21: 3 | F21: Ejendomsselskabet Trunnevangen ApS | G21: Trunnevangen 3-5, m.fl./Jensløvs Tværvej 18-24 | H21: 2920 | I21: Charlottenlund | J21: Rikki Linders | L21: Boliger | T21: NEJ | U21: Tilsyneladende ingen FS-aftale | V21: 1
A22: HEW | B22: JØP | C22: 51 | D22: 591 | E22: 3 | F22: Ejendomsselskabet Virum Torv 4 ApS | G22: Engbakken 64-66, Grønnevej 52-56 Virum Torv 2-4 Frederiksdalsvej 72-74 mfl | H22: 2830 | I22: Virum | J22: Nicolas Pontoppidan | L22: Boliger | T22: NEJ | U22: Tilsyneladende ingen FS-aftale | V22: 1
A23: HEW | B23: JØP | C23: 51 | D23: 601 | E23: 3 | F23: Ejendomsselskabet Vodroffslund ApS | G23: Vodroffslund 5-7 | H23: 1914 | I23: Frederiksberg C | L23: Boliger | M23: 1.3365385 | N23: 0 | O23: 0 | P23: 0 | Q23: 0 | R23: 43435 | T23: JA | V23: 1
A24: HEW | B24: JØP | C24: 51 | D24: 621 | E24: 3 | F24: Ambassadegården | G24: Dag Hammerskjolds Allé 19-29 | H24: 2100 | I24: København Ø | J24: Lars Aagaard | L24: Boliger | T24: NEJ | U24: Tilsyneladende ingen FS-aftale | V24: 1
A25: HEW | B25: JØP | C25: 51 | D25: 631 | E25: 3 | F25: St. Møllevej 5-9 m.fl. | G25: St. Mølle Vej 5-9/Ved Skansen 1-5/Markmandsgade 8-16/Flinterenden 6/Ved Kløvermarken 2-12 | H25: 2300 | I25: København S | J25: Lars Aagaard | L25: Boliger | T25: NEJ | U25: Tilsyneladende ingen FS-aftale | V25: 1
A26: HEW | B26: DIP | C26: 53 | D26: 1 | E26: 3 | F26: Himmelev Strandpark | G26: Vestre Kirkevej 2 A - G | H26: 4000 | I26: Roskilde | J26: John Larsen | L26: Boliger | T26: NEJ | U26: Tilsyneladende ingen FS-aftale | V26: 1
A27: HEW | B27: DIP | C27: 54 | D27: 402 | E27: 3 | F27: Hørsholm Park | G27: Hørsholm Park 1-16 | H27: 2970 | I27: Hørsholm | J27: Hubert Erichsen | L27: Boliger | T27: NEJ | U27: Tilsyneladende ingen FS-aftale | V27: 1
A28: HEW | B28: DIP | C28: 54 | D28: 404 | E28: 3 | F28: Skodsborg Strandhave | G28: Skodsborg Strandvej 145A-151 m.fl./Skodsborgvej 406-416 | H28: 2942 | I28: Skodsborg | J28: Andreas Braagaard | L28: Boliger | T28: NEJ | U28: Ligger under "tabte" sager i tilbud | V28: 1
A29: HEW | B29: DIP | C29: 54 | D29: 503 | E29: 3 | F29: Gl. Kongevej | G29: Gammel Kongevej 11-13, Kbh. V | H29: 1610 | I29: København V | J29: Lars Aagaard | L29: Erhverv | M29: 2.1346154 | N29: 0 | O29: 0 | P29: 0 | Q29: 0 | R29: 43435 | T29: JA | V29: 1
A30: HEW | B30: DIP | C30: 54 | D30: 516 | E30: 3 | F30: Ørbækgårds Allé | G30: Ørbækgårds Allé 501-510 | H30: 2970 | I30: Hørsholm | J30: Hubert Erichsen | L30: Boliger | T30: NEJ | U30: Tilsyneladende ingen FS-aftale | V30: 1
A31: HEW | B31: DIP | C31: 54 | D31: 960 | E31: 3 | F31: Dalgas Have (grund) | G31: Dalgas Have 1-76 | H31: 2000 | I31: Frederiksberg | J31: - | L31: Grund | T31: NEJ | U31: Tilsyneladende ingen FS-aftale | V31: 1
A32: HEW | B32: I/S Christians Brygge | C32: 56 | D32: 970 | E32: 3 | F32: Chr. Brygge | G32: Christians Brygge 24 - 30/Vester Voldgade 108-110 | H32: 1559 | I32: København V | J32: Lars Aagaard | L32: Boliger | M32: =5.36538461538461+3.44230769230769 -> 8.8076923 | N32: 0 | O32: 0 | P32: 0 | Q32: =12687.5 -> 12687.5 | R32: 43862 | T32: JA | V32: 1
A33: HEW | B33: Pile-Bo A/S | C33: 61 | D33: 140 | E33: 3 | F33: Pile-Bo - Fællesafdeling | G33: c/o DEAS | H33: 2000 | I33: Frederiksberg | J33: - | L33: Andet | T33: NEJ | U33: Overordnet | V33: 1
A34: HEW | B34: Pile-Bo A/S | C34: 61 | D34: 141 | E34: 3 | F34: Den Treschowske Stiftelse | G34: Overgaden Oven Vandet 76-82 | H34: 1415 | I34: København K | J34: John Aagaard | L34: Boliger | M34: =1.72115384615385+1.88461538461538 -> 3.6057692 | N34: 0.90384615 | O34: 0 | P34: 0 | Q34: =13412.5 -> 13412.5 | R34: 43862 | T34: NEJ | U34: Ligger under "opsagte" sager i tilbud | V34: 1
A35: HEW | B35: Pile-Bo A/S | C35: 61 | D35: 144 | E35: 3 | F35: Pile Allé | G35: Pile Allé 9 | H35: 2000 | I35: Frederiksberg | J35: Brian Frederiksen | L35: Boliger | M35: =3.53846153846154+1.51846153846154 -> 5.0569231 | N35: 1.6153846 | O35: 0 | P35: 0 | Q35: =9100 -> 9100 | R35: 43556 | T35: JA | V35: 1
A36: HEW | B36: Pile-Bo A/S | C36: 61 | D36: 145 | E36: 3 | F36: Nr. Søgade | G36: Nørre Søgade 43/Turesensgade 35, 1368 K | H36: 1370 | I36: København K | J36: Brian Frederiksen | L36: Boliger | M36: =1.41346153846154+0.115384615384615 -> 1.5288462 | N36: 0 | O36: 0 | P36: 0 | Q36: 0 | R36: 43435 | T36: JA | V36: 1
A37: HEW | B37: Pile-Bo A/S | C37: 61 | D37: 154 | E37: 3 | F37: Godthåbsvænget | G37: Godthåbsvænget 8-16/Godthåbsvænget 2-6/Godthåbsvej 140-142/Vagtelvej 1 & 3-9 | H37: 2000 | I37: Frederiksberg | J37: Hans-Henrik Jakobsen | L37: Boliger | T37: NEJ | U37: Tilsyneladende ingen FS-aftale | V37: 1
A38: HEW | B38: Pile-Bo A/S | C38: 61 | D38: 300 | E38: 3 | F38: Herman Bangs Have - Provstebo | G38: A.D. Jørgensens Vej 19-85 | H38: 2000 | I38: Frederiksberg | J38: Green Circle | L38: Boliger | T38: NEJ | U38: Tilsyneladende ingen FS-aftale | V38: 1
A39: HEW | B39: JØP/REY | C39: 191 | D39: 251 | E39: 3 | F39: Onsgaarden | G39: Strandvejen 185-189/Aurehøjvej 1 & 3-5/ Margrethevej 4 -6 m.fl. | H39: 2900 | I39: Hellerup | J39: Nicolas Pontoppidan | L39: Boliger | M39: 6.0096154 | N39: 1.6346154 | O39: =(2*3)/52 -> 0.11538462 | P39: 0 | Q39: 0 | R39: 43831 | T39: JA | U39: Delt arbejde mellem fast mand og FS. Vi udfører grå og grønne opgaver. | V39: 1
A40: HEW | B40: JØP/REY | C40: 191 | D40: 301 | E40: 3 | F40: Ole Suhrs Gade | G40: Ole Suhrs Gade 13-15 | H40: 1354 | I40: København K | J40: FS | L40: Boliger | M40: =1.235+1.35557692307692 -> 2.5905769 | N40: 0 | O40: 0 | P40: 0 | Q40: =8288 -> 8288 | R40: 43831 | T40: JA | V40: 1
A41: HEW | B41: JØP/REY | C41: 191 | D41: 402 | E41: 3 | F41: Mariendalsvej | G41: Mariendalsvej 38-40 | H41: 2000 | I41: Frederiksberg | J41: FS | L41: Boliger | M41: =1.41346153846154+1.60576923076923 -> 3.0192308 | N41: 1.1826923 | O41: 0 | P41: 0 | Q41: =7588 -> 7588 | R41: 43831 | T41: JA | V41: 1
A42: HEW | B42: JØP/REY | C42: 191 | D42: 403 | E42: 3 | F42: Kronprinsensgade | G42: Kronprinsensgade 7 | H42: 1114 | I42: København K | J42: FS | L42: Erhverv | M42: =0.721153846153846+1.25 -> 1.9711538 | N42: 0 | O42: 0 | P42: 0 | Q42: =10325 -> 10325 | R42: 43831 | T42: JA | V42: 1
A43: HEW | B43: JØP/REY | C43: 191 | D43: 404 | E43: 3 | F43: Sigbrits Allé | G43: Sigbrits Allé 3-5 | H43: 2300 | I43: København S | J43: KEH | L43: Boliger | T43: NEJ | U43: Tilsyneladende ingen FS-aftale | V43: 1
A44: HEW | B44: JØP/REY | C44: 191 | D44: 451 | E44: 3 | F44: Christianshavns Kanal | G44: Christianshavns Kanal 4 | H44: 1406 | I44: København K | J44: FS | L44: Erhverv | M44: =1.65384615384615+1.125 -> 2.7788462 | N44: 0 | O44: 0 | P44: 0 | Q44: =10150 -> 10150 | R44: 43831 | T44: JA | V44: 1

Sheet 3-Michael
A1: Michael Claus Pedersen - 7
A2: GRUPPE 3 -
A3: Antal ejendomme | C3: =K7 -> 17 | J3: Erhverv | K3: =COUNTIFS(L:L,J3) -> 2
A4: Viceværter: | J4: Boliger | K4: =COUNTIFS(L:L,J4) -> 12
A5: Note: | J5: Grund | K5: =COUNTIFS(L:L,J5) -> 0
J6: Andet | K6: =COUNTIFS(L:L,J6) -> 3
K7: =SUM(K3:K6) -> 17
M8: Timer pr. uge | P8: Kr/år
A9: DL | B9: Kunde | C9: Selskab | D9: Ejendoms nr | E9: Gruppe | F9: Ejendom | G9: Adresse | H9: Post nr | I9: By | J9: Viceværter | K9: Ny vicevært | L9: Kategori | M9: Vicevært | N9: Gartner | O9: Feje/suge | P9: CTS | Q9: SC | R9: Opstartsdato | S9: Slutdato | T9: FS-aftale | U9: Kommentar | V9: Antal: | W9: PT. DL
A10: MCP | B10: Ejerforening | C10: 8 | D10: 188 | E10: 3 | F10: E/F Havnebryggen Polaris | G10: Islands Brygge 38 | H10: 2300 | I10: København S | J10: FS - Danny Nielsen | L10: Boliger | M10: =2.53846153846154+5+0.730769230769231 -> 8.2692308 | N10: 0 | O10: =(2*6)/52 -> 0.23076923 | P10: 0 | Q10: =19250 -> 19250 | R10: 42948 | T10: JA | U10: Revideret tilbud | V10: 1 | W10: MBI
A11: MCP | B11: Ejerforening | C11: 8 | D11: 234 | E11: 3 | F11: E/F HavneBryggen Pollux | G11: Islands Brygge 100-118 | H11: 2300 | I11: København S | J11: FS - Danny Nielsen | L11: Boliger | M11: =1.69230769230769+5.03846153846154 -> 6.7307692 | N11: 1.2980769 | O11: =(2*8)/52 -> 0.30769231 | P11: 0 | Q11: =22400 -> 22400 | R11: 43344 | T11: JA | V11: 1 | W11: MBI
A12: MCP | B12: Ejerforening | C12: 8 | D12: 298 | E12: 3 | F12: E/F Havnebryggen Castor | G12: Islands Brygge 40-64 | H12: 2300 | I12: København S | J12: FS - Danny Nielsen | L12: Boliger | M12: =1.69230769230769+5.69230769230769+0.115384615384615 -> 7.5 | N12: 2.6538462 | O12: =(2*8)/52 -> 0.30769231 | P12: 0 | Q12: =25200 -> 25200 | R12: 43631 | T12: JA | V12: 1 | W12: MBI
A13: MCP | B13: Ejerforening | C13: 8 | D13: 911 | E13: 3 | F13: E/F Sfinxen | G13: Drechselgade 10-18/Knud Kristensensgade 12-16 | H13: 2300 | I13: København S | J13: FS - Danny Nielsen | L13: Boliger | M13: =0.513076923076923+1.47769230769231+0.625 -> 2.6157692 | N13: 0.40384615 | O13: 0 | P13: 0 | Q13: =9800 -> 9800 | R13: 43831 | T13: JA | V13: 1 | W13: MBI
A14: MCP | B14: LP | C14: 14 | D14: 801 | E14: 3 | F14: Hekla Husene | G14: Poul Hartlings Gade 5-9/Axel Heides Gade 24-28/Artillerivej 104-106 | H14: 2300 | I14: København S | J14: FS - Danny Nielsen | L14: Boliger | M14: =515.5/52 -> 9.9134615 | N14: =232/52 -> 4.4615385 | O14: =(2*1)/52 -> 0.038461538 | P14: 0 | Q14: =38500 -> 38500 | R14: 42795 | T14: JA | V14: 1 | W14: MBI
A15: MCP | B15: Kalkværksgrundene | C15: 28 | D15: 61 | E15: 3 | F15: Strandgade | G15: Strandgade 27 C-D | H15: 1401 | I15: København K | J15: FS - Jaroslaw Broz | L15: Boliger | M15: =0.413461538461538+1.36538461538462 -> 1.7788462 | N15: 0 | O15: 0 | P15: 0 | Q15: =8050 -> 8050 | R15: 43800 | T15: JA | V15: 1 | W15: HEW
A16: MCP | B16: JØP | C16: 51 | D16: 122 | E16: 3 | F16: Rømersgade 7 m.fl. | G16: Rømersgade 7 & 7A | H16: 1362 | I16: København K | J16: FS - Jaroslaw Broz | L16: Boliger | M16: =48.27/52 -> 0.92826923 | N16: =126.78/52 -> 2.4380769 | O16: 0 | P16: 0 | Q16: =10645 -> 10645 | R16: 41579 | T16: JA | U16: VV ydelser ligger under gartner ift. kalkulationer | V16: 1 | W16: HEW
A17: MCP | B17: JØP | C17: 51 | D17: 276 | E17: 3 | F17: Gothersgade 135 | G17: Gothersgade 135, Linnesgade 28 | H17: 1361 | I17: København K | J17: FS - Jaroslaw Broz | L17: Boliger | R17: 41579 | T17: JA | U17: Kun FS-aftale, ingen tilhørende kalkulationer | V17: 1 | W17: HEW
A18: MCP | B18: Pile-BO A/S | C18: 61 | D18: 146 | E18: 3 | F18: Kronprinsessegade | G18: Kronprinsessegade 74 | H18: 1306 | I18: København K | J18: FS - Jaroslaw Broz | L18: Boliger | M18: 0.019230769 | N18: 0 | O18: 0 | P18: 0 | Q18: =4375 -> 4375 | R18: 42917 | T18: Ja | V18: 1 | W18: HEW
A19: MCP | B19: Pile-Bo A/S | C19: 61 | D19: 148 | E19: 3 | F19: Thorvaldsensvej | G19: Thorvaldsensvej 60, Dr. Abildgaards Allé 15 1955 Frederiksberg C | H19: 1871 | I19: Frederiksberg C | J19: FS - Jaroslaw Broz | L19: Boliger | M19: =(6.4+21.6)/52 -> 0.53846154 | N19: =62.9/52 -> 1.2096154 | O19: 0 | P19: 0 | Q19: =19974.19 -> 19974.19 | R19: 41426 | T19: JA | U19: VV ydelser ligger under gartner ift. kalkulationer | V19: 1 | W19: HEW
A20: MCP | B20: Pile-BO A/S | C20: 61 | D20: 151 | E20: 3 | F20: Nr. Voldgade | G20: Nørre Voldgade 25 & 25A | H20: 1358 | I20: København K | J20: FS - Jaroslaw Broz | L20: Boliger | R20: 38596 | T20: JA | U20: Kun FS-aftale ingen kalkulationer | V20: 1 | W20: NFK
A21: MCP | B21: Pile-BO A/S | C21: 61 | D21: 282 | E21: 3 | F21: Gothersgade 137 | G21: Gothersgade 137, Linnèsgade 39 | H21: 1123 | I21: København K | J21: FS - Jaroslaw Broz | L21: Boliger | M21: =32.9/52 -> 0.63269231 | N21: =79.02/52 -> 1.5196154 | O21: 0 | P21: 0 | Q21: =6440 -> 6440 | R21: 41579 | T21: JA | U21: VV ydelser ligger under gartner ift. kalkulationer | V21: 1 | W21: NFK
A22: MCP | B22: PensionDanmark | C22: 87 | D22: 514 | E22: 3 | F22: Metropolen | G22: Njalsgade 72 | H22: 2300 | I22: København S | J22: FS - Danny Nielsen | L22: Erhverv | M22: =1.83653846153846+7.20615384615385+2.73557692307692 -> 11.778269 | N22: 0 | O22: 0 | P22: =(21600+30000) -> 51600 | Q22: =11900 -> 11900 | R22: 43983 | T22: JA | V22: 1 | W22: MBI
A23: MCP | B23: Industriens Pension | C23: 160 | D23: 110 | E23: 3 | F23: IP Sankt Petri Passage | G23: Sankt Petri Passage 1-7 Sankt Petri Passage 5 Nørregade 21 Nørregade 31-33 Larslejsstræde 4-6 | H23: 1165 | I23: København K | J23: FS - Per Mortensen | L23: Erhverv | M23: =(180+1407+321)/52 -> 36.692308 | N23: =15/52 -> 0.28846154 | O23: =24/52 -> 0.46153846 | P23: =(21600+30000) -> 51600 | Q23: =142800 -> 142800 | R23: 42461 | T23: JA | V23: 1 | W23: NFK
A24: MCP | C24: 800 | D24: 35 | E24: 3 | F24: Vendersgade | G24: c/o Vest Adm., Rømersgade, Vendersgade, Nr. Farimagsgade, Frederiksborggade | H24: 2900 | I24: Hellerup | J24: FS - Jaroslaw Broz | L24: Andet | M24: =89/52 -> 1.7115385 | N24: 0 | O24: 0 | P24: 0 | Q24: =2100 -> 2100 | R24: 42644 | T24: JA | V24: 1 | W24: MBI
A25: MCP | B25: FS Øst | C25: 800 | D25: 48 | E25: 3 | F25: E/F Byhuse | G25: c/o ADVICE Ejd. Adm., Niels Neergaards Gade | H25: 4760 | I25: Vordingborg | J25: FS - Danny Nielsen | L25: Andet | M25: =0.375+3.32692313194274+1.56730771064758 -> 5.2692308 | N25: 0 | O25: =(12*7)/52 -> 1.6153846 | P25: 0 | Q25: =10850 -> 10850 | R25: 42887 | T25: JA | V25: 1 | W25: HEW
A26: MCP | B26: FS Øst | C26: 800 | D26: 60 | E26: 3 | F26: Domus Vista (Fælles have) | G26: c/o Akelius Management ApS, Nordens Plads 4 | H26: 1358 | I26: København K | J26: FS | L26: Andet | R26: 42644 | T26: JA | U26: Kun FS-aftale, ingen kalkulationer | V26: 1 | W26: LKMN
B28: + GARTNER TEAM

Sheet 3-Vacant
A1: Vacant - 14
A2: GRUPPE 3 -
A3: Antal ejendomme | C3: =K7 -> 0 | J3: Erhverv | K3: =COUNTIFS(L:L,J3) -> 0
A4: Viceværter: | J4: Boliger | K4: =COUNTIFS(L:L,J4) -> 0
A5: Note: | J5: Grund | K5: =COUNTIFS(L:L,J5) -> 0
J6: Andet | K6: =COUNTIFS(L:L,J6) -> 0
K7: =SUM(K3:K6) -> 0
M8: Timer pr. uge | P8: Kr/år
A9: DL | B9: Kunde | C9: Selskab | D9: Ejendoms nr | E9: Gruppe | F9: Ejendom | G9: Adresse | H9: Post nr | I9: By | J9: Viceværter | K9: Ny vicevært | L9: Kategori | M9: Vicevært | N9: Gartner | O9: Feje/suge | P9: CTS | Q9: SC | R9: Opstartsdato | S9: Slutdato | T9: Kommentar | U9: Antal: | V9: PT. DL

Sheet 4-Dan
A1: Dan Pouldan - 10
A2: GRUPPE 4 -
A3: Antal ejendomme | C3: =K7 -> 29 | J3: Erhverv | K3: =COUNTIFS(L:L,J3) -> 3
A4: Viceværter: | J4: Boliger | K4: =COUNTIFS(L:L,J4) -> 25
A5: Note: | J5: Grund | K5: =COUNTIFS(L:L,J5) -> 0
J6: Andet | K6: =COUNTIFS(L:L,J6) -> 1
K7: =SUM(K3:K6) -> 29
M8: Timer pr. uge | P8: Kr/år
A9: DL | B9: Kunde | C9: Selskab | D9: Ejendoms nr | E9: Gruppe | F9: Ejendom | G9: Adresse | H9: Post nr | I9: By | J9: Viceværter | K9: Ny vicevært | L9: Kategori | M9: Vicevært | N9: Gartner | O9: Feje/suge | P9: CTS | Q9: SC | R9: Opstartsdato | S9: Slutdato | T9: FS-aftale | U9: Kommentar | V9: Antal: | W9: PT. DL
A10: DPJ | B10: Ejerforening | C10: 8 | D10: 732 | E10: 4 | F10: E/F Rytterparken | G10: Rytterparken 1-115 | H10: 2765 | I10: Smørum | J10: FS - Ole Weibel | L10: Boliger | M10: =0.971153846153846+4.51923076923077+1.34615384615385 -> 6.8365385 | N10: 5.0576923 | O10: 0 | P10: 0 | Q10: =23100 -> 23100 | R10: 43831 | T10: JA | V10: 1
A11: DPJ | B11: Ejerforening (Coller) | C11: 8 | D11: 739 | E11: 4 | F11: E/F Strandbjerg | G11: Strandbjerg 1A-7D og 2A-6F | H11: 2960 | I11: Rungsted Kyst | J11: FS - Ole Weibel | L11: Boliger | M11: =0.788461538461538+3.40384615384615+1.61538461538462 -> 5.8076923 | N11: 4.75 | O11: =(2*4)/52 -> 0.15384615 | P11: 0 | Q11: =7350 -> 7350 | R11: 43831 | T11: JA | V11: 1
A12: DPJ | B12: Coller Capital | C12: 140 | D12: 926 | E12: 4 | F12: Rytterparken | G12: Rytterparken 1-114, Rytterparken 115 | H12: 2765 | I12: Smørum | J12: FS - Ole Weibel (hører under JPS) | L12: Boliger | M12: 3.0769231 | N12: 0 | O12: 0 | P12: 0 | Q12: =21546 -> 21546 | R12: 43831 | T12: JA | V12: 1
A13: DPJ | B13: Private Investorer | C13: 9 | D13: 522 | E13: 4 | F13: Grunden 138 ApS | G13: Bregnerødvej 138 A Fakturaer udstedes til Grunden 138 ApS | H13: 3460 | I13: Birkerød | J13: - | L13: Erhverv | M13: =1.11538461538462+2.46153846153846+0.153846153846154 -> 3.7307692 | N13: 1.7019231 | O13: 0 | P13: 0 | Q13: =13300 -> 13300 | R13: 43556 | T13: NEJ | U13: Alle tre ejendomme indgår i FS-aftale og kalkulationer | V13: 1
A14: DPJ | B14: Private Investorer | C14: 9 | D14: 520 | E14: 4 | F14: Huset 144 A/S | G14: Bregnerødvej 132 A Fakturaer bliver udstedt til Grunden 138 ApS | H14: 3460 | I14: Birkerød | J14: Bo's Service | L14: Erhverv | T14: NEJ | V14: 1
A15: DPJ | B15: Private Investorer | C15: 9 | D15: 521 | E15: 4 | F15: Grunden 132 ApS | G15: Bregnerødvej 132 B og C Faktuaer udstedes til Grunden 132 ApS | H15: 3460 | I15: Birkerød | J15: Bo's Service | L15: Erhverv | T15: NEJ | V15: 1
A16: DPJ | B16: Ejerforening (Coller) | C16: 8 | D16: 733 | E16: 4 | F16: E/F Rådhusvej | G16: Rådhusvej 4-6/Jensløvsvej 3-5 | H16: 2920 | I16: Charlottenlund | J16: Ejendomsvirke A/S | L16: Boliger | M16: =1.71153846153846+0.461538461538462 -> 2.1730769 | N16: 0.53846154 | O16: 0 | P16: 0 | Q16: =2828 -> 2828 | T16: NEJ | V16: 1
A17: DPJ | B17: Coller Capital | C17: 140 | D17: 907 | E17: 4 | F17: Rådhusvej | G17: Rådhusvej 4 - 6/Jensløvsvej 3 - 5 | H17: 2920 | I17: Charlottenlund | J17: Ejendomsvirke A/S | L17: Boliger | M17: 1.5 | N17: 0 | O17: 0 | P17: 0 | Q17: 1813 | T17: NEJ | V17: 1
A18: DPJ | B18: Coller Capital | C18: 140 | D18: 908 | E18: 4 | F18: Hellerupvej | G18: Hellerupvej 21 - 27 | H18: 2900 | I18: Hellerup | J18: Ejendomsvirke A/S | L18: Boliger | M18: =(16+8)/52 -> 0.46153846 | N18: 0 | O18: 0 | P18: 0 | Q18: =2646 -> 2646 | T18: NEJ | V18: 1
A19: DPJ | B19: Coller Capital | C19: 140 | D19: 916 | E19: 4 | F19: Søndermarken | G19: Søndre Fasanvej 87 A-E/Søndre Fasanvej 87 A-E | H19: 2000 | I19: Frederiksberg | J19: Ejendomsvirke A/S | L19: Boliger | M19: =(78+39)/52 -> 2.25 | N19: 0 | O19: 0 | P19: 0 | Q19: =15764 -> 15764 | T19: NEJ | V19: 1
A20: DPJ | B20: Coller Capital | C20: 140 | D20: 948 | E20: 4 | F20: Annasvej | G20: Annasvej 4 A | H20: 2900 | I20: Hellerup | J20: Ejendomsvirke A/S | L20: Boliger | M20: =(11+5.5)/52 -> 0.31730769 | N20: 0 | O20: 0 | P20: 0 | Q20: =2212 -> 2212 | T20: NEJ | V20: 1
A21: DPJ | B21: Coller Capital | C21: 140 | D21: 954 | E21: 4 | F21: Randersgade | G21: Randersgade 7-11 | H21: 2100 | I21: København Ø | J21: Ejendomsvirke A/S | L21: Boliger | M21: =(30+45)/52 -> 1.4423077 | N21: 0 | O21: 0 | P21: 0 | Q21: 6048 | T21: NEJ | V21: 1
A22: DPJ | B22: Coller Capital | C22: 140 | D22: 956 | E22: 4 | F22: Rosa Park | G22: Rosavej 7-17/Dalsgaardsvej 10-32 | H22: 2930 | I22: Klampenborg | J22: Ejendomsvirke A/S | L22: Boliger | M22: =(12+6)/52 -> 0.34615385 | N22: 0 | O22: 0 | P22: 0 | Q22: 2443 | R22: 43922 | T22: JA | V22: 1
A23: DPJ | C23: 2 | D23: 711 | E23: 4 | G23: Gentoftegade 64/Søgårdsvej 2 - 2 | H23: 2820 | I23: Gentofte | J23: Green Circle | L23: Boliger | T23: NEJ | U23: Ligger under "parkeret" sager i tilbud | V23: 1
A24: DPJ | C24: 2 | D24: 713 | E24: 4 | G24: Jægersborg Allé 48A - 54 | H24: 2920 | I24: Charlottenlund | J24: Green Circle | L24: Boliger | T24: NEJ | U24: Ligger under "parkeret og tabte" sager i tilbud | V24: 1
A25: DPJ | C25: 2 | D25: 715 | E25: 4 | G25: Gentoftegade 54/Gentoftegade 54 A | H25: 2820 | I25: Gentofte | J25: Green Circle | L25: Boliger | T25: NEJ | U25: Ligger under "parkeret" sager i tilbud | V25: 1
A26: DPJ | C26: 2 | D26: 717 | E26: 4 | F26: Funkisgården | G26: Gl. Jernbanevej 15/Valby Kirkevej 2 | H26: 2500 | I26: Valby | J26: Green Circle | L26: Boliger | T26: NEJ | U26: Ligger under "parkeret" sager i tilbud | V26: 1
A27: DPJ | C27: 2 | D27: 719 | E27: 4 | G27: Ernst Bojesens Vej 3 A-B/Ernst Bojesens Vej 5 A-C | H27: 2840 | I27: Holte | J27: Green Circle | L27: Boliger | T27: NEJ | U27: Ligger under "parkeret" sager i tilbud | V27: 1
A28: DPJ | C28: 2 | D28: 720 | E28: 4 | F28: Paradisvænge | G28: Rudersdalsvej 96-98, Øverødvej 83A, Paradisvej 4-6 | H28: 2840 | I28: Holte | J28: Green Circle | L28: Boliger | T28: NEJ | U28: Ligger under "parkeret" sager i tilbud | V28: 1
A29: DPJ | B29: Coller Capital | C29: 140 | D29: 910 | E29: 4 | F29: Lyngholmpark | G29: Lyngholmpark 1 - 121/nr. 121 er fælleshus | H29: 3520 | I29: Farum | J29: JA Ejendomsservice | L29: Boliger | M29: =(37.5+75)/52 -> 2.1634615 | N29: 0 | O29: 0 | P29: 0 | Q29: 15050 | T29: NEJ | V29: 1
A30: DPJ | B30: Coller Capital | C30: 140 | D30: 932 | E30: 4 | F30: Strandbjerg | G30: Strandbjerg 1 A - 7 D | H30: 2960 | I30: Rungsted Kyst | J30: JA Ejendomsservice | L30: Boliger | M30: =(35+17.5)/52 -> 1.0096154 | N30: 0 | O30: 0 | P30: 0 | Q30: =7126 -> 7126 | R30: 43831 | T30: JA | V30: 1
A31: DPJ | B31: Coller Capital | C31: 140 | D31: 935 | E31: 4 | F31: Rundforbiparken | G31: Rundforbiparken 8 A - 13 B/Rundforbiparken 999 (grund) | H31: 2850 | I31: Nærum | J31: JA Ejendomsservice | L31: Boliger | M31: 4 | N31: 0 | O31: 0 | P31: 0 | Q31: 16800 | R31: 43678 | T31: JA | V31: 1
A32: DPJ | B32: Coller Capital | C32: 140 | D32: 952 | E32: 4 | F32: Skyllebakke Havn | G32: Skyllebakke Havn 1-78 | H32: 3600 | I32: Frederikssund | J32: JA Ejendomsservice | L32: Boliger | M32: =(65+32.5)/52 -> 1.875 | N32: 0 | O32: 0 | P32: 0 | Q32: 13174 | T32: NEJ | V32: 1
A33: DPJ | B33: Coller Capital | C33: 140 | D33: 957 | E33: 4 | F33: Gyvelholm | G33: Gyvelholm 2-52 og 1-43/Gyvelholm 1 (fredskovsareal) | H33: 2830 | I33: Virum | J33: JA Ejendomsservice | L33: Boliger | M33: =(47+23.5)/52 -> 1.3557692 | N33: 0 | O33: 0 | P33: 0 | Q33: 9450 | T33: NEJ | V33: 1
A34: DPJ | B34: BRF | C34: 110 | D34: 100 | E34: 4 | F34: BRFKREDIT A/S | G34: Tuborg Boulevard 12 | H34: 2900 | I34: Hellerup | L34: Andet | T34: NEJ | U34: Tilsyneladende ingen FS-aftale | V34: 1 | W34: JPS
A35: DPJ | B35: BRF | C35: 110 | D35: 122 | E35: 4 | F35: BRFKREDIT A/S | G35: Fredskovhellet 18-35 | H35: 3400 | I35: Hillerød | L35: Boliger | T35: NEJ | U35: Tilsyneladende ingen FS-aftale | V35: 1 | W35: MKJ
A36: DPJ | B36: BRF | C36: 110 | D36: 125 | E36: 4 | F36: BRFKREDIT A/S | G36: Ryetvej 19-63 | H36: 3500 | I36: Værløse | L36: Boliger | T36: NEJ | U36: Tilsyneladende ingen FS-aftale | V36: 1 | W36: MKJ
A37: DPJ | B37: BRF | C37: 110 | D37: 126 | E37: 4 | F37: BRFKREDIT A/S | G37: Ejboparken 1/Ejboparken 1-77 | H37: 4000 | I37: Roskilde | L37: Boliger | T37: NEJ | U37: Tilsyneladende ingen FS-aftale | V37: 1 | W37: MKJ
A38: DPJ | B38: BRF | C38: 110 | D38: 142 | E38: 4 | F38: BRFKREDIT A/S | G38: Birketinget 2 A-F | H38: 2300 | I38: København S | L38: Boliger | T38: NEJ | U38: Tilsyneladende ingen FS-aftale | V38: 1 | W38: MKJ

Sheet 4-Christian
A1: Christian Buch - 18
A2: GRUPPE 4 -
A3: Antal ejendomme | C3: =K7 -> 28 | J3: Erhverv | K3: =COUNTIFS(L:L,J3) -> 2
A4: Viceværter: | J4: Boliger | K4: =COUNTIFS(L:L,J4) -> 25
A5: Note: | B5: Er kun rådgiver på 9-700 og 9-855 | J5: Grund | K5: =COUNTIFS(L:L,J5) -> 0
J6: Andet | K6: =COUNTIFS(L:L,J6) -> 1
K7: =SUM(K3:K6) -> 28
M8: Timer pr. uge | P8: Kr/år
A9: DL | B9: Kunde | C9: Selskab | D9: Ejendoms nr | E9: Gruppe | F9: Ejendom | G9: Adresse | H9: Post nr | I9: By | J9: Viceværter | K9: Ny vicevært | L9: Kategori | M9: Vicevært | N9: Gartner | O9: Feje/suge | P9: CTS | Q9: SC | R9: Opstartsdato | S9: Slutdato | T9: FS-aftale | U9: Kommentar | V9: Antal: | W9: PT. DL
A10: CHBU | B10: Private Investorer | C10: 9 | D10: 123 | E10: 4 | F10: Nørgaardsvej 4 A-M ApS | G10: Nørgaardsvej 4-A-M | H10: 2800 | I10: Kgs. Lyngby | J10: Exakt Ejendomsservice | L10: Boliger | T10: NEJ | U10: Tilsyneladende ingen FS-aftale | V10: 1
A11: CHBU | B11: Private Investorer | C11: 9 | D11: 237 | E11: 4 | F11: Vesterborg , N.F. Jensen og Hustrus Leg | G11: Asmussens Allé 1-5/Schlegels Allé 8/Jacobys Allé 14-16 | H11: 1806 | I11: Frederiksberg C | J11: Tommy Bro Rasmussen | L11: Boliger | T11: NEJ | U11: Tilsyneladende ingen FS-aftale | V11: 1
A12: CHBU | B12: Private Investorer | C12: 9 | D12: 527 | E12: 4 | G12: Rantzausgade 10/Griffenfeldsgade 54 | H12: 2200 | I12: København N | L12: Boliger | T12: NEJ | U12: Tilsyneladende ingen FS-aftale | V12: 1
A13: CHBU | B13: Private Investorer | C13: 9 | D13: 528 | E13: 4 | G13: Holsteinborgvej 18-22 | H13: 2720 | I13: Vanløse | L13: Boliger | T13: NEJ | U13: Tilsyneladende ingen FS-aftale | V13: 1
A14: CHBU | B14: Private Investorer | C14: 9 | D14: 545 | E14: 4 | G14: Fredericiagade 8 | H14: 1310 | I14: København K | L14: Boliger | T14: NEJ | U14: Tilsyneladende ingen FS-aftale | V14: 1
A15: CHBU | B15: Private Investorer | C15: 9 | D15: 547 | E15: 4 | F15: Harsdorffhus | G15: Harsdorffsvej 3 A & B | H15: 1874 | I15: Frederiksberg C | J15: B. S. Ejendomsservice | L15: Boliger | T15: NEJ | U15: Ligger under "tabte" sager i tilbud | V15: 1
A16: CHBU | B16: Private Investorer | C16: 9 | D16: 603 | E16: 4 | F16: I/S Genboen | G16: Hostrupvej 25-29 | H16: 3400 | I16: Hillerød | L16: Boliger | T16: NEJ | U16: Tilsyneladende ingen FS-aftale | V16: 1
A17: CHBU | B17: Private Investorer | C17: 9 | D17: 605 | E17: 4 | F17: I/S Trekanten | G17: Lundsgade 5 mf./Søndre Jernbanevej 3 A, m.fl./Hillerød Lundsgade 5 københavn | H17: 2100 | I17: København Ø | J17: - | L17: Boliger | T17: NEJ | U17: Tilsyneladende ingen FS-aftale | V17: 1
A18: CHBU | B18: Private Investorer | C18: 9 | D18: 666 | E18: 4 | F18: Ejd Ulrikkenborg Alle 46 | G18: Ulrikkenborg Allé 46 | H18: 2800 | I18: Kgs. Lyngby | J18: - | L18: Boliger | T18: NEJ | U18: Tilsyneladende ingen FS-aftale | V18: 1
A19: CHBU | B19: Private Investorer | C19: 9 | D19: 700 | E19: 4 | F19: Sophie Amalie Gården | G19: Marielystvej 50-54/Rådmand Steins Alle 20-24 | H19: 2000 | I19: Frederiksberg | J19: Jerry Filbert | L19: Boliger | T19: NEJ | U19: Tilsyneladende ingen FS-aftale | V19: 1
A20: CHBU | B20: Private Investorer | C20: 9 | D20: 855 | E20: 4 | F20: ApS SPKR 2722 | G20: Gammel Kongevej 137 B/Nyvej 19 | H20: 1851 | I20: Frederiksberg C | J20: Exakt Ejendomsservice | L20: Boliger | R20: 39692 | T20: NEJ | U20: Ingen kalkulationer | V20: 1
A21: CHBU | B21: Private Investorer | C21: 9 | D21: 856 | E21: 4 | F21: Gammel Kongevej 137 A m.fl. | G21: Gammel Kongevej 137 A/Nyvej 21 | H21: 1850 | I21: Frederiksberg C | J21: Exakt Ejendomsservice | L21: Boliger | R21: 39692 | T21: NEJ | U21: Ingen kalkulationer | V21: 1
A22: CHBU | B22: Rée's Legat | C22: 31 | D22: 506 | E22: 4 | F22: Rée's Legat | G22: Asger Rygs Gade 9 - 11 | H22: 1727 | I22: København V | J22: Exakt Ejendomsservice | L22: Boliger | T22: NEJ | U22: Tilsyneladende ingen FS-aftale | V22: 1
A23: CHBU | B23: Rée's Legat | C23: 31 | D23: 507 | E23: 4 | F23: Rée's Legat | G23: Gunhildsgade 3 | H23: 2100 | I23: København Ø | J23: Exakt Ejendomsservice | L23: Boliger | T23: NEJ | U23: Tilsyneladende ingen FS-aftale | V23: 1
A24: CHBU | B24: Rée's Legat | C24: 31 | D24: 508 | E24: 4 | F24: Rée's Legat | G24: Buegården 5, 3.th. | H24: 2880 | I24: Bagsværd | J24: - | L24: Boliger | T24: NEJ | U24: Tilsyneladende ingen FS-aftale | V24: 1
A25: CHBU | B25: Honoré's Fond | C25: 86 | D25: 201 | E25: 4 | F25: Butikstorvet | G25: Kalvehavevej 1-7/Frederiksværksgade 2-8 | H25: 3400 | I25: Hillerød | J25: Exakt Ejendomsservice | L25: Boliger | T25: NEJ | U25: Ligger under "tabte" sager i tilbud | V25: 1
A26: CHBU | B26: Honoré's Fond | C26: 86 | D26: 204 | E26: 4 | F26: Herlev Apotek | G26: Herlev Torv 13-15 | H26: 2730 | I26: Herlev | J26: Franck Bjarup Voss | L26: Erhverv | T26: NEJ | U26: Tilsyneladende ingen FS-aftale | V26: 1
A27: CHBU | B27: Honoré's Fond | C27: 86 | D27: 205 | E27: 4 | F27: Herlev Bygård I | G27: Herlev Hovedgade 136-140/Herlev Torv 1 | H27: 2730 | I27: Herlev | J27: Franck Bjarup Voss | L27: Boliger | T27: NEJ | U27: Tilsyneladende ingen FS-aftale | V27: 1
A28: CHBU | B28: Honoré's Fond | C28: 86 | D28: 208 | E28: 4 | F28: Bjergene | G28: Kårupvej 31/Kårupvej 33 | H28: 4540 | I28: Fårevejle | J28: - | L28: Andet | T28: NEJ | U28: Tilsyneladende ingen FS-aftale | V28: 1
A29: CHBU | B29: Honoré's Fond | C29: 86 | D29: 209 | E29: 4 | F29: Skodsborgparken | G29: Skodsborgparken 22-64 | H29: 2942 | I29: Skodsborg | J29: Exakt Ejendomsservice | L29: Boliger | T29: NEJ | U29: Tilsyneladende ingen FS-aftale | V29: 1
A30: CHBU | B30: Honoré's Fond | C30: 86 | D30: 211 | E30: 4 | G30: Trondhjems Plads 4 m.fl. | H30: 2100 | I30: København Ø | J30: Tommy Bro Rasmussen | L30: Boliger | T30: NEJ | U30: Tilsyneladende ingen FS-aftale | V30: 1
A31: CHBU | B31: Honoré's Fond | C31: 86 | D31: 213 | E31: 4 | F31: Herlev Bygård II | G31: Herlev Torv 3-5 | H31: 2730 | I31: Herlev | J31: Franck Bjarup Voss | L31: Boliger | T31: NEJ | U31: Tilsyneladende ingen FS-aftale | V31: 1
A32: CHBU | B32: Honoré's Fond | C32: 86 | D32: 219 | E32: 4 | F32: Ejerlejligheder Horsensgade | G32: Horsensgade 8, 1.tv./Horsensgade 6, st. tv | H32: 2100 | I32: København Ø | J32: Tommy Bro Rasmussen | L32: Boliger | T32: NEJ | U32: Tilsyneladende ingen FS-aftale | V32: 1
A33: CHBU | B33: Honoré's Fond | C33: 86 | D33: 220 | E33: 4 | G33: Marstalsgade 34, 3. tv. | H33: 2100 | I33: København Ø | J33: Tommy Bro Rasmussen | L33: Boliger | T33: NEJ | U33: Tilsyneladende ingen FS-aftale | V33: 1
A34: CHBU | B34: Honoré's Fond | C34: 86 | D34: 221 | E34: 4 | G34: Strandvejen 213 | H34: 2900 | I34: Hellerup | J34: Tommy Bro Rasmussen | L34: Erhverv | T34: NEJ | U34: Tilsyneladende ingen FS-aftale | V34: 1
A35: CHBU | B35: Honoré's Fond | C35: 86 | D35: 222 | E35: 4 | G35: Ewaldsensvej 8, st. th. | H35: 2000 | I35: Frederiksberg | J35: Tommy Bro Rasmussen | L35: Boliger | T35: NEJ | U35: Tilsyneladende ingen FS-aftale | V35: 1
A36: CHBU | B36: Honoré's Fond | C36: 86 | D36: 223 | E36: 4 | G36: Bjelkes Allé 34, 1. dør/lejl 25 | H36: 2200 | I36: København N | J36: Tommy Bro Rasmussen | L36: Boliger | T36: NEJ | U36: Tilsyneladende ingen FS-aftale | V36: 1
A37: CHBU | B37: Bevica Fonden | C37: 106 | D37: 106 | E37: 4 | G37: Gormsgade 25/Dagmarsgade 15 | H37: 2200 | I37: København N | J37: Exakt Ejendomsservice | L37: Boliger | T37: NEJ | U37: Tilsyneladende ingen FS-aftale | V37: 1
K47: =SUM(V10:V37) -> 28

Sheet 4-Jesper
A1: Jesper Piel-Steenberg - 21
A2: GRUPPE 4 -
A3: Antal ejendomme | C3: =K7 -> 22 | J3: Erhverv | K3: =COUNTIFS(L:L,J3) -> 11
A4: Viceværter: | J4: Boliger | K4: =COUNTIFS(L:L,J4) -> 11
A5: Note: | J5: Grund | K5: =COUNTIFS(L:L,J5) -> 0
J6: Andet | K6: =COUNTIFS(L:L,J6) -> 0
K7: =SUM(K3:K6) -> 22
M8: Timer pr. uge | P8: Kr/år
A9: DL | B9: Kunde | C9: Selskab | D9: Ejendoms nr | E9: Gruppe | F9: Ejendom | G9: Adresse | H9: Post nr | I9: By | J9: Viceværter | K9: Ny vicevært | L9: Kategori | M9: Vicevært | N9: Gartner | O9: Feje/suge | P9: CTS | Q9: SC | R9: Opstartsdato | S9: Slutdato | T9: FS-aftale | U9: Kommentar | V9: Antal: | W9: PT. DL
A10: JPS | C10: 2 | D10: 716 | E10: 4 | F10: Hennedal | G10: Søborg Hovedgade 169/Hennedal | H10: 2860 | I10: Søborg | J10: FS/CJ Ejendomsservice | L10: Boliger | Q10: 3657.5 | R10: 42064 | T10: JA | U10: Kun FS-aftale ingen kalkulationer | V10: 1
A11: JPS | B11: Ejerforening | C11: 8 | D11: 129 | E11: 4 | F11: E/F Vagtelvænget | G11: Vagtelvej 15-55 | H11: 2000 | I11: Frederiksberg | J11: FS - Michael H. Larsen | L11: Boliger | M11: =1924/52 -> 37 | N11: 0 | O11: 0 | P11: 0 | Q11: 0 | R11: 42005 | T11: JA | U11: Kundespecifik aftale til VV 37 t/uge | V11: 1
A12: JPS | B12: Ejerforening | C12: 8 | D12: 156 | E12: 4 | F12: E/F Baunebo, Lyngby | G12: Baune Allé 2 | H12: 2800 | I12: Kgs. Lyngby | J12: FS - Ole Weibel | L12: Boliger | M12: =1.32692307692308+3.80769230769231+1.61538461538462 -> 6.75 | N12: 0 | O12: =(2*6)/52 -> 0.23076923 | P12: 0 | Q12: =11725 -> 11725 | R12: 43466 | T12: JA | V12: 1
A13: JPS | C13: 9 | D13: 685 | E13: 4 | F13: Søndergårds Allé | G13: Søndergårds Allé 59-63 | H13: 2760 | I13: Måløv | J13: FS - Ole Weibel | L13: Boliger | M13: =2.89423076923077+1.63461538461538 -> 4.5288462 | N13: 1.0192308 | O13: 0 | P13: 0 | Q13: =12950 -> 12950 | R13: 43160 | T13: JA | V13: 1
A14: JPS | B14: Sampension | C14: 20 | D14: 406 | E14: 4 | F14: Virum Haveby | G14: Kongevejen 168-174 | H14: 2830 | I14: Virum | J14: FS - Ole Weibel | L14: Boliger | T14: JA | U14: Mappen er tom på FS drev | V14: 1
A15: JPS | B15: PensionDanmark | C15: 87 | D15: 503 | E15: 4 | G15: Birkerød Kongevej 25 | H15: 3460 | I15: Birkerød | J15: FS - John Frederiksen | L15: Erhverv | M15: =8.75+3.88461538461538+1.80769230769231 -> 14.442308 | N15: 4.7980769 | O15: =(2*6)/52 -> 0.23076923 | P15: =15000+15000 -> 30000 | Q15: =11900 -> 11900 | R15: 43983 | T15: JA | U15: Revideret aftale | V15: 1
A16: JPS | B16: PensionDanmark | C16: 87 | D16: 504 | E16: 4 | G16: Søndre Jernbanevej 18 A-B-C | H16: 3400 | I16: Hillerød | J16: FS - John Frederiksen | L16: Erhverv | M16: =5.76923076923077+5.96153846153846+0.25 -> 11.980769 | N16: 1.75 | O16: 0 | P16: =21600 -> 21600 | Q16: =11200 -> 11200 | R16: 43983 | T16: JA | U16: Revideret aftale | V16: 1
A17: JPS | B17: PensionDanmark | C17: 87 | D17: 506 | E17: 4 | G17: Prøvestensvej 50 - 52 | H17: 3000 | I17: Helsingør | J17: FS - John Frederiksen | L17: Erhverv | M17: =3.05769230769231+6.17307692307692 -> 9.2307692 | N17: 3.4807692 | O17: =(2*4)/52 -> 0.15384615 | P17: 0 | Q17: 22400 | R17: 43983 | T17: JA | U17: Revideret aftale | V17: 1
A18: JPS | B18: Niam | C18: 122 | D18: 740 | E18: 4 | F18: CPH Business Park ApS | G18: Stamholmen 143-157 | H18: 2650 | I18: Hvidovre | J18: Ejendomsvirke | L18: Erhverv | T18: NEJ | U18: Tilsyneladende ingen FS-aftale | V18: 1
A19: JPS | B19: Niam Core-Plus | C19: 137 | D19: 208 | E19: 4 | G19: Algade 14-16/Hersegade 4 Hersgade 6 A + B | H19: 4000 | I19: Roskilde | J19: Kurt Christian Christensen | L19: Erhverv | T19: NEj | U19: Tilsyneladende ingen FS-aftale | V19: 1
A20: JPS | B20: Niam Core-Plus | C20: 137 | D20: 209 | E20: 4 | G20: Algade 18/Hersegade 1/St. Gråbrødre Stræde 1 | H20: 4000 | I20: Roskilde | J20: Kurt Christian Christensen | L20: Erhverv | T20: NEJ | U20: Tilsyneladende ingen FS-aftale | V20: 1
A21: JPS | B21: PFA | C21: 152 | D21: 210 | E21: 4 | F21: Nordre Jernbanevej 5-9 | G21: Nordre Jernbanevej 5-9 | H21: 3400 | I21: Hillerød | J21: FS - Carsten Ingolf C. | L21: Boliger | M21: 35.576923 | N21: 0 | O21: 0 | P21: 0 | Q21: 22050 | R21: 43191 | S21: 43555 | T21: JA | U21: VV timer ændres efter 1 års. Drift, starter med 37 t/uge, derefter 28 t/uge fra 1/4/2019 og fremad | V21: 1
A22: JPS | B22: PFA | C22: 152 | D22: 210 | E22: 4 | F22: Nordre Jernbanevej 5-9 | G22: Nordre Jernbanevej 5-9 | H22: 3400 | I22: Hillerød | J22: FS - Carsten Ingolf C. | M22: 27 | N22: 0 | O22: 0 | P22: 0 | Q22: 22050 | R22: 43556 | T22: JA
A23: JPS | B23: PI | C23: 181 | D23: 301 | E23: 4 | G23: Norgesgade 5A - 5B | H23: 2300 | I23: København S | J23: MR Ejendomsservice | L23: Boliger | T23: NEJ | U23: Tilsyneladende ingen FS-aftale | V23: 1
A24: JPS | B24: PI | C24: 181 | D24: 302 | E24: 4 | G24: Nygårdsvej 9/Strynøgade 1-3 | H24: 2100 | I24: København Ø | J24: MR Ejendomsservice | L24: Boliger | T24: NEJ | U24: Tilsyneladende ingen FS-aftale | V24: 1
A25: JPS | B25: PI | C25: 181 | D25: 501 | E25: 4 | F25: Søkanten | G25: Gyngemoseparkvej 52A - 56C | H25: 2860 | I25: Søborg | J25: FS/Green Circle | L25: Boliger | M25: =2.88538461538462+4.07692307692308+2.20192307692308 -> 9.1642308 | N25: 0 | O25: 0 | P25: 0 | Q25: =63000 -> 63000 | R25: 44013 | T25: JA | U25: Administreaaftale | V25: 1
A26: JPS | C26: 800 | D26: 91 | E26: 4 | F26: A/B Middelfartsgården | G26: Ringkøbinggade 1-5/Vardegade 22-24/Holstebrogade 7-9/Middelfartsgade 6-10 | H26: 2100 | I26: København Ø | J26: FS - Servicecenter | L26: Boliger | T26: JA | U26: Tilsyneladende ingen FS-aftale - Administreaaftale | V26: 1
A27: JPS | B27: LB Forsikring | C27: 15 | D27: 522 | E27: 3 | F27: Kompagnistræde 43 m.fl. | G27: Kompagnistræde 43/Gåsegade 1 | H27: 1208 | I27: København K | J27: - | L27: Erhverv | T27: NEJ | U27: Tilsyneladende ingen FS-aftale | V27: 1 | W27: MBI
A28: JPS | B28: LB Forsikring | C28: 15 | D28: 523 | E28: 3 | G28: Kompagnistræde 41 | H28: 1208 | I28: København K | J28: - | L28: Erhverv | T28: NEJ | U28: Tilsyneladende ingen FS-aftale | V28: 1 | W28: MBI
A29: JPS | B29: LB Forsikring | C29: 15 | D29: 526 | E29: 3 | G29: Farvergade 2-8 | H29: 1463 | I29: København K | J29: - | L29: Erhverv | T29: NEJ | U29: Tilsyneladende ingen FS-aftale | V29: 1 | W29: MBI
A30: JPS | B30: LB Forsikring | C30: 15 | D30: 537 | E30: 3 | F30: Farvergade 17 m.fl. | G30: Farvergade 17/Løngangsstræde 20 | H30: 1463 | I30: København K | J30: - | L30: Erhverv | T30: NEJ | U30: Tilsyneladende ingen FS-aftale | V30: 1 | W30: MBI
A31: JPS | B31: LB Forsikring | C31: 15 | D31: 509 | E31: 3 | G31: Vandkunsten 10 | H31: 1467 | I31: København K | J31: - | L31: Boliger | T31: NEJ | U31: Tilsyneladende ingen FS-aftale | V31: 1 | W31: MBI
A32: JPS | B32: LB Forsikring | C32: 15 | D32: 513 | E32: 3 | F32: Vandkunsten 8 m.fl. | G32: Vandkunsten 8/Kompagnistræde 39 | H32: 1467 | I32: København K | J32: - | L32: Erhverv | T32: NEJ | U32: Tilsyneladende ingen FS-aftale | V32: 1 | W32: MBI
A35: 4 | B35: PEARS | C35: 444 | D35: - | E35: Div - 146stk | F35: Div | J35: Boliger

Sheet 4-Lars K
A1: Lars Kejlstrup Meier Nielsen - 8
A2: GRUPPE 4 -
A3: Antal ejendomme | C3: =K7 -> 41 | J3: Erhverv | K3: =COUNTIFS(L:L,J3) -> 2
A4: Viceværter: | J4: Boliger | K4: =COUNTIFS(L:L,J4) -> 28
A5: Note: | J5: Grund | K5: =COUNTIFS(L:L,J5) -> 0
J6: Andet | K6: =COUNTIFS(L:L,J6) -> 11
K7: =SUM(K3:K6) -> 41
M8: Timer pr. uge | P8: Kr/år
A9: DL | B9: Kunde | C9: Selskab | D9: Ejendoms nr | E9: Gruppe | F9: Ejendom | G9: Adresse | H9: Post nr | I9: By | J9: Viceværter | K9: Ny vicevært | L9: Kategori | M9: Vicevært | N9: Gartner | O9: Feje/suge | P9: CTS | Q9: SC | R9: Opstartsdato | S9: Slutdato | T9: FS-aftale | U9: Kommentar | V9: Antal: | W9: PT. DL
A10: LKMN | C10: 2 | D10: 821 | E10: 4 | F10: Ålekistevej 68-84 m.fl. | G10: Ålekistevej 68-84, Bogholder Allé 75-77, Hyltebjerg Allé 28 | H10: 2720 | I10: Vanløse | J10: FS - Anne & Kim | L10: Boliger | M10: 11.08 | N10: 0.75 | O10: 0 | P10: 0 | Q10: 35342.36 | R10: 43647 | T10: JA | U10: SC inkl. Kontor | V10: 1
A11: LKMN | C11: 2 | D11: 822 | E11: 4 | F11: Hanebred 4-10 m.fl. | G11: Hanebred 4-10, Hyltebjerg Allé 39-41 | H11: 2720 | I11: Vanløse | J11: FS - Anne & Kim | L11: Boliger | M11: 3.72 | N11: 0.1 | O11: 0 | P11: 0 | Q11: 14315.96 | R11: 43647 | T11: JA | V11: 1
A12: LKMN | C12: 2 | D12: 823 | E12: 4 | G12: Hanebred 12-30, Hyltebjerg Allé 20-22 | H12: 2720 | I12: Vanløse | J12: FS - Anne & Kim | L12: Boliger | M12: 7.63 | N12: 0.2 | O12: 0 | P12: 0 | Q12: 28669.855 | R12: 43647 | T12: JA | V12: 1
A13: LKMN | C13: 2 | D13: 824 | E13: 4 | F13: Hanebred 19-33 m.fl. | G13: Hanebred 19-33, Hyltebjerg Allé 24-26 | H13: 2720 | I13: Vanløse | J13: FS - Anne & Kim | L13: Boliger | M13: 5.39 | N13: 0.1179136 | O13: 0 | P13: 0 | Q13: 18217.705 | R13: 43647 | T13: JA | V13: 1
A14: LKMN | C14: 2 | D14: 825 | E14: 4 | F14: Jernbane Allé 5 A-C m.fl. | G14: Jernbane Allé 5 A-C, Jernbane Allé 7 A-B | H14: 2720 | I14: Vanløse | J14: FS - Anne & Kim | L14: Boliger | M14: 2.2805914 | N14: 0.130432 | O14: 0 | P14: 0 | Q14: 8785.92 | R14: 43647 | T14: JA | V14: 1
A15: LKMN | C15: 2 | D15: 826 | E15: 4 | F15: Sallingvej 21-29 m.fl. | G15: Sallingvej 21-29, Morsøvej 54, Frederiksgårds Allé 18-26 | H15: 2720 | I15: Vanløse | J15: FS - Anne & Kim | L15: Boliger | M15: 5.4729728 | N15: 0.17754624 | O15: 0 | P15: 0 | Q15: 18176.571 | R15: 43647 | T15: JA | V15: 1
A16: LKMN | C16: 2 | D16: 827 | E16: 4 | G16: Ålekistevej 88-94 | H16: 2720 | I16: Vanløse | J16: FS - Anne & Kim | L16: Boliger | M16: 2.7894067 | N16: 0.28463616 | O16: 0 | P16: 0 | Q16: 12087.429 | R16: 43647 | T16: JA | V16: 1
A17: LKMN | C17: 2 | D17: 828 | E17: 4 | G17: H. C. Ørsteds Vej 42, Forchhammersvej 28 | H17: 1879 | I17: Frederiksberg C | J17: FS - Anne & Kim | L17: Boliger | M17: 1.5675955 | N17: 0.03657728 | O17: 0 | P17: 0 | Q17: 7642.0531 | R17: 43647 | T17: JA | V17: 1
A18: LKMN | B18: Andelsboliger | C18: 7 | D18: 144 | E18: 4 | F18: A/B Guldborghus | G18: Godthåbsvej 67-69, Guldborgvej 38-44 | H18: 2000 | I18: Frederiksberg | J18: FS - Jesper Due | L18: Boliger | M18: 1.7115385 | N18: 0 | O18: 0 | P18: 0 | Q18: 7700 | R18: 42826 | T18: JA | V18: 1
A19: LKMN | B19: Ejerforening | C19: 8 | D19: 222 | E19: 4 | F19: G/F Teglholmen Øst | G19: Støberigade 3 m.fl. | H19: 2450 | I19: København SV | J19: Grøn Vækst A/S | L19: Andet | T19: JA | U19: Kun DL og DR timer | V19: 1
A20: LKMN | B20: Ejerforening | C20: 8 | D20: 238 | E20: 4 | F20: Parkeringslauget Teglholmen | G20: Teglholmsgade 39 | H20: 2450 | I20: København SV | J20: FS - John Jørgensen | L20: Andet | M20: 2.057 | N20: 0.38 | O20: 0.538 | P20: 0 | Q20: 5950 | R20: 43344 | T20: JA | V20: 1
A21: LKMN | B21: Ejerforening | C21: 8 | D21: 319 | E21: 4 | F21: E/F Hummeltofteparken | G21: Hummeltoftevej 6-62/Sennepsmarken 17-21 | H21: 2830 | I21: Virum | J21: FS - Sabrina | L21: Boliger | M21: 20.7 | N21: 0 | O21: 0 | P21: 0 | Q21: 24500 | R21: 43678 | T21: JA | V21: 1
A22: LKMN | B22: Ejerforening | C22: 8 | D22: 347 | E22: 4 | F22: E/F Parkvej 17-23 | G22: Parkvej 17-23 | H22: 2630 | I22: Taastrup | J22: FS - Henning Søren Kjeldsen | L22: Boliger | M22: 3.68 | N22: 1.34 | O22: 0 | P22: 0 | Q22: 7735 | R22: 42125 | T22: JA | V22: 1
A23: LKMN | B23: Ejerforening | C23: 8 | D23: 930 | E23: 4 | F23: E/F Scandiagade 13-15 | G23: Scandiagade 13-15 | H23: 2450 | I23: København SV | J23: FS - John Jørgensen | L23: Boliger | M23: 1 | N23: 0 | O23: 0 | P23: 0 | Q23: 0 | R23: 41671 | T23: JA | V23: 1
A24: LKMN | C24: 69 | D24: 100 | F24: Unicorn Aps | G24: Dirch Passers Allé 76 | H24: 2000 | I24: Frederiksberg | T24: NEJ | U24: Overordnet | V24: 1
A25: LKMN | B25: Lægernes pensionskasse | C25: 69 | D25: 101 | E25: 4 | F25: Astilbehaven | G25: Astilbehaven 131-162 | H25: 2830 | I25: Virum | J25: FS | L25: Boliger | M25: 0.24489796 | N25: 0 | O25: 0 | P25: 0 | Q25: 6750 | R25: 43831 | T25: JA | V25: 1
A26: LKMN | B26: Lægernes pensionskasse | C26: 69 | D26: 102 | E26: 4 | F26: Dianas Have | G26: Dianas Have 11-77, Sdr. Jagtvej 5ABC | H26: 2970 | I26: Hørsholm | J26: FS | L26: Boliger | M26: 0.17687075 | N26: 0 | O26: 0 | P26: 0 | Q26: 4875 | R26: 43831 | T26: JA | V26: 1
A27: LKMN | B27: Lægernes pensionskasse | C27: 69 | D27: 103 | E27: 4 | F27: Havnehusene | G27: Ovengaden Neden Vandet, Wildersgade 6A-C | H27: 1414 | I27: København K | J27: FS | L27: Boliger | M27: 0.23809524 | N27: 0 | O27: 0 | P27: 0 | Q27: 6562.5 | R27: 43831 | T27: JA | V27: 1
A28: LKMN | B28: Lægernes pensionskasse | C28: 69 | D28: 104 | E28: 4 | F28: Rued Langgaards Vej | G28: Rued Langgaards Vej | H28: 2300 | I28: København S | J28: FS | L28: Boliger | M28: 0.33333333 | N28: 0 | O28: 0 | P28: 0 | Q28: 9187.5 | R28: 43831 | T28: JA | V28: 1
A29: LKMN | B29: Lægernes pensionskasse | C29: 69 | D29: 105 | E29: 4 | F29: Sveasvej | G29: Sveasvej 8-10 | H29: 1917 | I29: Frederiksberg C | J29: FS | L29: Boliger | M29: 0.14285714 | N29: 0 | O29: 0 | P29: 0 | Q29: 3937.5 | R29: 43831 | T29: JA | V29: 1
A30: LKMN | B30: Lægernes pensionskasse | C30: 69 | D30: 106 | E30: 4 | F30: Kongelundsvej | G30: Kongelundsvej 59A-71C | H30: 2300 | I30: København S | J30: FS | L30: Boliger | M30: 0.59183673 | N30: 0 | O30: 0 | P30: 0 | Q30: 16312.5 | R30: 43831 | T30: JA | V30: 1
A31: LKMN | B31: Lægernes pensionskasse | C31: 69 | D31: 200 | E31: 4 | F31: Valby Residential Aps | G31: c/o DEAS | H31: 2000 | I31: Frederiksberg | T31: NEJ | U31: Overordnet | V31: 1
A32: LKMN | B32: Lægernes pensionskasse | C32: 69 | D32: 201 | E32: 4 | F32: Buster Larsens Vej | G32: Buster Larsens Vej 1-5, Lily Brobergs Vej 51-55 | H32: 2500 | I32: Valby | J32: FS | L32: Boliger | M32: 0.047619048 | N32: 0 | O32: 0 | P32: 0 | Q32: 1312.5 | R32: 43831 | T32: JA | V32: 1
A33: LKMN | B33: Lægernes pensionskasse | C33: 69 | D33: 202 | E33: 5 | F33: Tove Maës Vej | G33: Tove Maës Vej 1-11, Poul Bundgaardsvej | H33: 2500 | I33: Valby | J33: FS | L33: Boliger | M33: 0.074829932 | N33: 0 | O33: 0 | P33: 0 | Q33: 2062.5 | R33: 43831 | T33: JA | V33: 1
A34: LKMN | B34: Lægernes pensionskasse | C34: 69 | D34: 300 | E34: 4 | F34: Fredericiagade Aps | G34: c/o DEAS | H34: 2000 | I34: Frederiksberg | T34: NEJ | U34: Overordnet | V34: 1
A35: LKMN | B35: Lægernes pensionskasse | C35: 69 | D35: 301 | E35: 4 | F35: Fredericiagade | G35: Fredericiagade 21-25 | H35: 1310 | I35: København K | J35: FS | L35: Boliger | M35: 0.074829932 | N35: 0 | O35: 0 | P35: 0 | Q35: 2062.5 | R35: 43831 | T35: JA | V35: 1
A36: LKMN | B36: Lægernes pensionskasse | C36: 69 | D36: 711 | E36: 4 | F36: Christiansgården A/S | G36: Dronningens Tværgade 37-45 | H36: 1302 | I36: København K | L36: Boliger | M36: 0.020408163 | N36: 0 | O36: 0 | P36: 0 | Q36: 562.5 | R36: 43831 | T36: JA | V36: 1 | W36: LAC
A37: LKMN | B37: Lægernes pensionskasse | C37: 69 | D37: 721 | E37: 4 | F37: Kongegaarden A/S | G37: Dronningens Tværgade 46-50 | H37: 1302 | I37: København K | L37: Boliger | M37: 0.054421769 | N37: 0 | O37: 0 | P37: 0 | Q37: 1500 | R37: 43831 | T37: JA | V37: 1 | W37: LAC
A38: LKMN | B38: PensionDanmark | C38: 87 | D38: 515 | E38: 4 | F38: Ejby | G38: Ejby Industrivej 125-139 | H38: 2600 | I38: Glostrup | J38: FS - Henning Søren Kjeldsen | L38: Erhverv | M38: 25 | N38: 0 | O38: 0 | P38: 0 | Q38: 15600 | R38: 43252 | T38: JA | U38: 25 timer pr. uge | V38: 1
A39: LKMN | B39: PensionDanmark | C39: 87 | D39: 702 | E39: 4 | F39: Hummeltofteparken | G39: Hummeltoftevej 6-14, 60A-M, 62A-C/Sennepsmarken 17-21 | H39: 2830 | I39: Virum | J39: FS - Sabrina | L39: Boliger | M39: 3.6 | N39: 0 | O39: 0 | P39: 0 | Q39: 26950 | R39: 43678 | T39: JA | V39: 1
A40: LKMN | B40: Ejerforening | C40: 108 | D40: 110 | E40: 4 | F40: E/F Hvidovrevej 432-438 | G40: Gl.Køge Landevej 360, Hvidovrevej 432-436 | H40: 2650 | I40: Hvidovre | J40: FS - Kevin Henriksen | L40: Boliger | M40: 7.35 | N40: 0 | O40: 0 | P40: 0 | Q40: 10205 | R40: 41671 | T40: JA | U40: Gårdmand inkl. Gartner | V40: 1
A41: LKMN | B41: Ejerforening | C41: 108 | D41: 237 | E41: 4 | F41: E/F Thorsparken | G41: Høje Taastrup Boulevard 76, Høje Taastrup Boulevard 82, Høje Taastrup Boulevard 86, Banestrøget 25-29 | H41: 2630 | I41: Taastrup | J41: FS - Henning Søren Kjeldsen | L41: Boliger | M41: 1.2 | N41: 0.3 | O41: 0 | P41: 0 | Q41: 2625 | R41: 43101 | T41: JA | V41: 1
A42: LKMN | B42: Private Investorer | C42: 109 | D42: 7 | E42: 4 | F42: Hvidovre Kommune | G42: Hvidovrevej 432-438, Gl.Køge Landevej 360 | H42: 2650 | I42: Hvidovre | J42: FS - Kevin Henriksen | L42: Erhverv | M42: 0 | N42: 0 | O42: 0 | P42: 0 | Q42: 0 | R42: ca. 1995 | T42: JA | U42: link_esdh timeafregnes | V42: 1
A43: LKMN | B43: Private Investorer | C43: 109 | D43: 304 | E43: 4 | F43: G/F Høje-Taastrup Station Nord | G43: Høje Tåstrup Boulevard Haslevgade Skagensgade | H43: 2630 | I43: Taastrup | J43: FS - Henning Søren Kjeldsen | L43: Andet | M43: =(30+559)/52 -> 11.326923 | N43: 0 | O43: 0 | P43: 0 | Q43: 12608.9 | T43: JA | U43: Gårdmand inkl. Gartner | V43: 1
A44: LKMN | B44: Private Investorer | C44: 109 | D44: 305 | E44: 4 | F44: G/F Høje-Taastrup Station Syd | G44: Thistedgade Telegade Dalbergstrøget Carl Gustavsgade | H44: 2630 | I44: Taastrup | J44: FS - Kevin Henriksen | L44: Andet | M44: =(24+653.19)/52 -> 13.022885 | N44: 0 | O44: =(2*4.5)/52 -> 0.17307692 | P44: 0 | Q44: =14520 -> 14520 | T44: JA | U44: Gårdmand inkl. Gartner | V44: 1
A45: LKMN | B45: PFA | C45: 152 | D45: 101 | E45: 4 | F45: Frederikskaj | G45: Frederikskaj 2A-N | H45: 2450 | I45: København SV | J45: FS - John Jørgensen | L45: Boliger | M45: 12 | N45: 0 | O45: 0 | P45: 0 | Q45: 23450 | R45: 43191 | T45: JA | V45: 1
A46: LKMN | B46: FS Øst | C46: 800 | D46: 5 | E46: 4 | F46: Grdf. Høje Taastrup Et.II Øst | G46: Afd.709-01 Domea - att. Ole Pedersen | H46: 2630 | I46: Taastrup | J46: FS - Kevin Henriksen | L46: Andet | M46: =128/52 -> 2.4615385 | N46: =233/52 -> 4.4807692 | O46: 0 | P46: 0 | Q46: 15750 | T46: JA | V46: 1
A47: LKMN | B47: FS Øst | C47: 800 | D47: 6 | E47: 4 | F47: 35073 Dades A/S | G47: Vedr. Sportono Allé 2-10 | H47: 2630 | I47: Taastrup | J47: FS - Kevin Henriksen | L47: Andet | M47: =47.25/52 -> 0.90865385 | N47: 0 | O47: 0 | P47: 0 | Q47: 16800 | T47: JA | V47: 1
A48: LKMN | B48: FS Øst | C48: 800 | D48: 7 | E48: 4 | F48: 35074 Dades A/S | G48: Vedr. Sportono Allé 12-16 | H48: 2630 | I48: Taastrup | J48: FS - Kevin Henriksen | L48: Andet | M48: =19.25/52 -> 0.37019231 | N48: 0 | O48: 0 | P48: 0 | Q48: 16800 | T48: JA | V48: 1
A49: LKMN | B49: FS Øst | C49: 800 | D49: 9 | E49: 4 | F49: 35561 Dades A/S | G49: vedr. Telegade 25 Ejendomskontoret | H49: 2630 | I49: Taastrup | J49: FS - Kevin Henriksen | L49: Andet | M49: =121.25/52 -> 2.3317308 | N49: =64/52 -> 1.2307692 | O49: 0 | P49: 0 | Q49: 16800 | T49: JA | V49: 1
A50: LKMN | B50: FS Øst | C50: 800 | D50: 32 | E50: 4 | F50: Portefølje I ApS | G50: Kresten Bernikowsgade 4, 1. | H50: 1105 | I50: København K | J50: FS - Henning Søren Kjeldsen | L50: Andet | T50: NEJ | U50: Tilsyneladende ingen FS-aftale | V50: 1
A51: LKMN | B51: FS Øst | C51: 800 | D51: 52 | E51: 4 | F51: E/F Frederikskaj II | G51: Frederikskaj 2H mm. | H51: 2450 | I51: København SV | J51: FS - John Jørgensen | L51: Boliger | M51: =0.173076923076923+1.84615384615385+0.346153846153846 -> 2.3653846 | N51: 0 | O51: 0 | P51: 0 | Q51: 12950 | R51: 43374 | T51: JA | V51: 1
A52: LKMN | B52: FS Øst | C52: 800 | D52: 92 | E52: 4 | F52: G/F Frederikskaj | G52: Frederikskaj 2 | H52: 2450 | I52: København SV | J52: FS | L52: Andet | M52: =0.490384615384615+1.96153846153846+1.34615384615385 -> 3.7980769 | N52: 0 | O52: 0 | P52: 0 | Q52: 7000 | R52: 43586 | T52: JA | U52: Hedder 008-197 på FS-drev | V52: 1
A53: LKMN | B53: FS Øst | C53: 800 | D53: 515 | E53: 4 | G53: Ejby Industrivej 125-139 c/o | H53: 2600 | I53: Glostrup | J53: FS - Jesper Due | L53: Andet | T53: JA | U53: Hedder den 087-515 på FS-drev? | V53: 1

Sheet Søren
A1: Søren Jørgensen Bladt - 2
A2: GRUPPE -
A3: Antal ejendomme | C3: =K7 -> 11 | J3: Erhverv | K3: =COUNTIFS(L:L,J3) -> 5
A4: Viceværter: | J4: Boliger | K4: =COUNTIFS(L:L,J4) -> 6
J5: Grund | K5: =COUNTIFS(L:L,J5) -> 0
A6: Note: | J6: Andet | K6: =COUNTIFS(L:L,J6) -> 0
K7: =SUM(K3:K6) -> 11
M8: Timer pr. uge | P8: Kr/år
A9: DL | B9: Kunde | C9: Selskab | D9: Ejendoms nr | E9: Gruppe | F9: Ejendom | G9: Adresse | H9: Post nr | I9: By | J9: Viceværter | K9: Ny vicevært | L9: Kategori | M9: Vicevært | N9: Gartner | O9: Feje/suge | P9: CTS | Q9: SC | R9: Opstartsdato | S9: Slutdato | T9: FS-aftale | U9: Kommentar | V9: Antal: | W9: PT. DL
A10: SBLA | C10: 9 | D10: 129 | F10: Novo Holdings A/S | G10: Tuborg Havnevej 19 | H10: 2900 | I10: Hellerup | L10: Erhverv | M10: =19.0192307692308+8.32692307692308 -> 27.346154 | N10: 1.0192308 | O10: =(12*2)/52 -> 0.46153846 | P10: =45000+32400 -> 77400 | Q10: 18900 | R10: 43617 | T10: JA
A11: SBLA | B11: PensionDanmark | C11: 87 | D11: 522 | G11: Landskronagade 33-35 | H11: 2900 | I11: Hellerup | L11: Erhverv | M11: =7.94230769230769+8.76923076923077+1.69230769230769 -> 18.403846 | N11: 2.4615385 | O11: =(2*4)/52 -> 0.15384615 | P11: =30000+21600 -> 51600 | Q11: 29050 | R11: 43983 | T11: JA
A12: SBLA | C12: 108 | D12: 294 | F12: E/F Tuborg Havnepark A | G12: Tuborg Havnepark 1-4 | H12: 2900 | I12: Hellerup | L12: Boliger | M12: =289/52 -> 5.5576923 | N12: =72/52 -> 1.3846154 | O12: 0 | P12: 0 | Q12: 7012.5 | R12: 42583 | T12: JA
A13: SBLA | C13: 800 | D13: 16 | F13: Lejerforeningen Tuborg Havnevej | G13: Tuborg Havnevej 18 | H13: 2900 | I13: Hellerup | L13: Boliger | Q13: 54450 | R13: 42186 | T13: JA | U13: Kun vedlagt SLA bilag i FS-aftale, intet time antal på ydelser
A14: SBLA | C14: 800 | D14: 18 | F14: E/F Tuborg Havnepark 16-22 | H14: 2900 | I14: Hellerup | L14: Boliger | T14: JA | U14: http://esdh/locator.aspx?name=DMS.Document.Details.Simplified.2&recno=1426480&module=Document&VerID=1494736&subtype=2
A15: SBLA | C15: 800 | D15: 19 | F15: E/F Tuborg Kanal | H15: 2900 | I15: Hellerup | L15: Boliger | M15: =1.57692307692308+9.76923076923077+2.04 -> 13.386154 | N15: 5.9903846 | O15: =(6*4)/52 -> 0.46153846 | P15: 0 | Q15: 23100 | R15: 43891 | T15: JA
A16: SBLA | C16: 800 | D16: 20 | F16: E/F Tuborg Havnepark 5-8 | H16: 2900 | I16: Hellerup | L16: Boliger | M16: =1+0.75 -> 1.75 | N16: 0.98076923 | O16: 0 | P16: 0 | Q16: 0 | R16: 43556 | T16: JA
A17: SBLA | C17: 800 | D17: 68 | F17: Dania Ship Management A/S | G17: Tuborg Havnevej 15, 2. | H17: 2900 | I17: Hellerup | L17: Erhverv | T17: NEJ | U17: Tilsyneladende ingen FS-aftale - ad hoc. ydelser
A18: SBLA | C18: 800 | D18: 69 | F18: Dania Ship Management Bulk | G18: Tuborg Havnevej 15, 2. | H18: 2900 | I18: Hellerup | L18: Erhverv | T18: NEJ | U18: Tilsyneladende ingen FS-aftale - ad hoc ydelser
A19: SBLA | C19: 108 | D19: 294 | F19: E/F Tuborg Havnepark A | G19: Tuborg Havnepark 1-4 | H19: 2900 | I19: Hellerup | L19: Boliger | T19: JA | U19: Ejendom er allerede inkluderet på driftleder
A20: SBLA | C20: 800 | D20: 129 | F20: Basico | G20: Philip Heymans Allé 3, 5. | H20: 2900 | I20: Hellerup | L20: Erhverv | T20: NEJ | U20: Tilsyneladende ingen FS-aftale - ad hoc ydelser

Sheet Allan
A1: Allan Thøgersen - 2
A2: GRUPPE -
A3: Antal ejendomme | C3: =K7 -> 11 | J3: Erhverv | K3: =COUNTIFS(L:L,J3) -> 9
A4: Viceværter: | J4: Boliger | K4: =COUNTIFS(L:L,J4) -> 2
J5: Grund | K5: =COUNTIFS(L:L,J5) -> 0
A6: Note: | J6: Andet | K6: =COUNTIFS(L:L,J6) -> 0
K7: =SUM(K3:K6) -> 11
M8: Timer pr. uge | P8: Kr/år
A9: DL | B9: Kunde | C9: Selskab | D9: Ejendoms nr | E9: Gruppe | F9: Ejendom | G9: Adresse | H9: Post nr | I9: By | J9: Viceværter | K9: Ny vicevært | L9: Kategori | M9: Vicevært | N9: Gartner | O9: Feje/suge | P9: CTS | Q9: SC | R9: Opstartsdato | S9: Slutdato | T9: FS-aftale | U9: Kommentar | V9: Antal: | W9: PT. DL
A10: ALT | C10: 9 | D10: 7 | F10: G/F Tuborg Syd | H10: 2900 | I10: Hellerup | L10: Erhverv | M10: =1015.64/52 -> 19.531538 | N10: 0 | O10: =(12*3)/52 -> 0.69230769 | P10: 0 | Q10: 84528 | R10: 42186 | T10: JA
A11: ALT | C11: 9 | D11: 701 | F11: G/F Tuborg Nord | H11: 2900 | I11: Hellerup | L11: Erhverv | M11: =763/52 -> 14.673077 | N11: =602/52 -> 11.576923 | O11: =(26*3)/52 -> 1.5 | P11: 0 | Q11: 68000 | R11: 42005 | T11: JA
A12: ALT | C12: 11 | D12: 484 | G12: Hans Bekkevolds Allé 7 | H12: 2900 | I12: Hellerup | L12: Erhverv | M12: =(542.25+90.5)/52 -> 12.168269 | N12: =95/52 -> 1.8269231 | O12: 0 | P12: =43200+30000 -> 73200 | Q12: 62100 | R12: 42309 | T12: JA
A13: ALT | C13: 11 | D13: 486 | G13: Tuborg Boulevard 12 | H13: 2900 | I13: Hellerup | L13: Erhverv | M13: =(1378.84+513)/52 -> 36.381538 | N13: =71/52 -> 1.3653846 | O13: =26/52 -> 0.5 | P13: =45000+32400 -> 77400 | Q13: 171300 | R13: 42339 | T13: JA
A14: ALT | C14: 11 | D14: 487 | F14: The Cube | G14: Tuborg Boulevard 15 | H14: 2900 | I14: Hellerup | L14: Erhverv | M14: =(884+110.75)/52 -> 19.129808 | N14: =142/52 -> 2.7307692 | O14: 0 | P14: =43200+30000 -> 73200 | Q14: =201900 -> 201900 | R14: 42339 | T14: JA
A15: ALT | C15: 11 | D15: 489 | F15: Tuborg Sundpark 6 | G15: Tuborg Sundpark 6 | H15: 2900 | I15: Hellerup | L15: Boliger | M15: =(123+21)/52 -> 2.7692308 | N15: 0 | O15: =(6*2)/52 -> 0.23076923 | P15: 0 | Q15: 32100 | R15: 42064 | T15: JA
A16: ALT | C16: 87 | D16: 501 | G16: Strandvejen 42-44 | H16: 2900 | I16: Hellerup | L16: Boliger | M16: =52/52 -> 1 | N16: 0 | O16: 0 | P16: 0 | Q16: 1316 | R16: 42125 | T16: JA
A17: ALT | C17: 87 | D17: 511 | G17: Philip Heymans Allé 7 | H17: 2900 | I17: Hellerup | L17: Erhverv | T17: NEJ | U17: Tilsyneladende ingen FS-aftale
A18: ALT | C18: 87 | D18: 512 | F18: Punkthusene 113, 114, 115 | G18: Philip Heymans Allé 1-5 | H18: 2900 | I18: Hellerup | L18: Erhverv | M18: =7.98076923076923+5.76923076923077+0.0576923076923077 -> 13.807692 | N18: 4 | O18: =(12*1.5)/52 -> 0.34615385 | P18: =45000+32400 -> 77400 | Q18: 32900 | R18: 43525 | T18: JA
A19: ALT | C19: 800 | D19: 13 | F19: Mercuri Urval A/S | H19: 2900 | I19: Hellerup | L19: Erhverv | M19: =183/52 -> 3.5192308 | N19: 0 | O19: 0 | P19: 0 | Q19: 0 | R19: 35065 | T19: NEJ
A20: ALT | C20: 800 | D20: 122 | F20: Mt Højgaard A/S | G20: Knud Højgaards Vej 7 | H20: 2900 | I20: Hellerup | L20: Erhverv | M20: =0.230769230769231+11.0384615384615 -> 11.269231 | N20: 0 | O20: 0 | P20: =45000 -> 45000 | Q20: 13300 | R20: 43952 | T20: JA

Sheet JENS
A1: Jens Skjoldgaard - 1
A2: GRUPPE 5 -
A3: Antal ejendomme | C3: =K7 -> 9 | J3: Erhverv | K3: =COUNTIFS(L:L,J3) -> 7
A4: Viceværter: | J4: Boliger | K4: =COUNTIFS(L:L,J4) -> 0
J5: Grund | K5: =COUNTIFS(L:L,J5) -> 0
A6: Note: | J6: Andet | K6: =COUNTIFS(L:L,J6) -> 2
K7: =SUM(K3:K6) -> 9
M8: Timer pr. uge | P8: Kr/år
A9: DL | B9: Kunde | C9: Selskab | D9: Ejendoms nr | E9: Gruppe | F9: Ejendom | G9: Adresse | H9: Post nr | I9: By | J9: Viceværter | K9: Ny vicevært | L9: Kategori | M9: Vicevært | N9: Gartner | O9: Feje/suge | P9: CTS | Q9: SC | R9: Opstartsdato | S9: Slutdato | T9: FS-aftale | U9: Kommentar | V9: Antal: | W9: PT. DL
A10: JESK | B10: Ejerforening | C10: 8 | D10: 221 | E10: 0 | F10: G/F Artillerivej Syd Islands Brygge | G10: Islands Brygge Rundholtsvej (GAS) | H10: 2300 | I10: København S | L10: Andet | M10: 6.75 | N10: 0 | O10: 0 | P10: 0 | Q10: 30100 | R10: 43497 | T10: JA | V10: 1
A11: JESK | B11: PKA | C11: 11 | D11: 459 | E11: 0 | F11: Flintholm Company House | G11: Dirch Passers Allé 76 | H11: 2000 | I11: Frederiksberg | L11: Erhverv | M11: =9.69230769230769+8.04807692307692+44.3846153846154 -> 62.125 | N11: 3.9615385 | O11: =(2*4)/52 -> 0.15384615 | P11: =60000+43200 -> 103200 | Q11: 67900 | R11: 43678 | T11: JA | V11: 1
A12: JESK | B12: PKA | C12: 11 | D12: 461 | E12: 0 | F12: Teglholm Company House | G12: Teglholm Allé 1 | H12: 2450 | I12: København SV | L12: Erhverv | M12: =(197.5+19)/52 -> 4.1634615 | N12: =70.5/52 -> 1.3557692 | O12: =(6*2.5)/52 -> 0.28846154 | P12: =21600+30000 -> 51600 | Q12: 75900 | R12: 42125 | T12: JA | V12: 1
A13: JESK | B13: APPension | C13: 13 | D13: 530 | E13: 0 | F13: Industriparken 27 | G13: Industriparken 27 | H13: 2750 | I13: Ballerup | L13: Erhverv | M13: =47/52 -> 0.90384615 | N13: 0 | O13: 0 | P13: =21600+30000 -> 51600 | Q13: 10500 | R13: 42370 | T13: JA | V13: 1
A14: JESK | B14: PensionDanmark | C14: 87 | D14: 520 | E14: 0 | F14: Buddingevej 272 | G14: Buddingevej 272 | H14: 2860 | I14: Søborg | L14: Erhverv | M14: =6.23076923076923+9.25+0.5 -> 15.980769 | N14: 0.75 | O14: =(2*8)/52 -> 0.30769231 | P14: =21600+30000 -> 51600 | Q14: 18550 | R14: 43983 | T14: JA | V14: 1
A15: JESK | B15: PensionDanmark | C15: 87 | D15: 521 | E15: 0 | F15: Gladsaxe Company House | G15: Tobaksvejen 2A, Græsmarken 36 | H15: 2860 | I15: Søborg | L15: Erhverv | M15: =3.55769230769231+0.557692307692308 -> 4.1153846 | N15: 3.5769231 | O15: =(2*5)/52 -> 0.19230769 | P15: 0 | Q15: 17500 | R15: 43983 | T15: JA | V15: 1
A16: JESK | B16: PensionDanmark | C16: 87 | D16: 560 | E16: 0 | F16: Vallensbæk Company House IV | G16: Delta Park 45 | H16: 2665 | I16: Vallensbæk Strand | L16: Erhverv | T16: NEJ | U16: Ligger under "tabte" sager i tilbud | V16: 1
A17: JESK | B17: Industriens Pension | C17: 160 | D17: 123 | E17: 0 | F17: Knud Højgaards Vej 1 | G17: Knud Højgaards Vej 1 | H17: 2860 | I17: Søborg | L17: Erhverv | M17: =0.711538461538462+0.25+1.25 -> 2.2115385 | N17: 0 | O17: 0 | P17: 0 | Q17: 15050 | R17: 43586 | T17: JA | V17: 1
A18: JESK | B18: FS Øst | C18: 800 | D18: 50 | E18: 0 | F18: Strædet, Køge | G18: c/o TK Bygge-Holding A/S | H18: 9000 | I18: Aalborg | L18: Andet | M18: =3.89076923076923+1.55769230769231 -> 5.4484615 | N18: 0 | O18: 0 | P18: 0 | Q18: 4200 | R18: 43831 | T18: JA | V18: 1
I47: Exact Ejendomsservice

Sheet HOS DR
A1: Hos DR
A2: GRUPPE -
A3: Antal ejendomme | C3: =K7 -> 3 | J3: Erhverv | K3: =COUNTIFS(L:L,J3) -> 1
A4: Viceværter: | J4: Boliger | K4: =COUNTIFS(L:L,J4) -> 2
J5: Grund | K5: =COUNTIFS(L:L,J5) -> 0
A6: Note: | J6: Andet | K6: =COUNTIFS(L:L,J6) -> 0
K7: =SUM(K3:K6) -> 3
M8: Timer pr. uge | P8: Kr/år
A9: DL | B9: Kunde | C9: Selskab | D9: Ejendoms nr | E9: Gruppe | F9: Ejendom | G9: Adresse | H9: Post nr | I9: By | J9: Viceværter | K9: Ny vicevært | L9: Kategori | M9: Vicevært | N9: Gartner | O9: Feje/suge | P9: CTS | Q9: SC | R9: Opstartsdato | S9: Slutdato | T9: FS-aftale | U9: Kommentar | V9: Antal: | W9: PT. DL
A10: hosDR | B10: Hanne Bregnsbo | C10: 89 | D10: 507 | E10: 4 | F10: Thorvaldsensvej 7 | G10: Thorvaldsensvej 7/Harsdorffsvej 12 | H10: 1871 | I10: Frederiksberg C | J10: Exakt Ejendomsservice | L10: Boliger | U10: Tilsyneladende ingen FS-aftale | V10: 1 | W10: BPE
A11: hosDR | B11: Herskind Invest A/S | C11: 90 | D11: 615 | E11: 4 | G11: Ringbakken 15 | H11: 3660 | I11: Stenløse | L11: Erhverv | U11: Tilsyneladende ingen FS-aftale | V11: 1 | W11: BPE
A12: hosDR | B12: Herskind Invest A/S | C12: 90 | D12: 633 | E12: 4 | G12: Øster Farimagsgade 33 | H12: 2100 | I12: København Ø | J12: Exakt Ejendomsservice | L12: Boliger | U12: Tilsyneladende ingen FS-aftale | V12: 1 | W12: BPE
